ping_index	ping_time	channel_id	channel_freq	Ranges	angle_alongship	angle_athwartship
23	27:20.1	WBT Tube 244668-15 ES120-7CD	120000	5.172534466	-2.840439558	-3.653872013
23	27:20.1	WBT Tube 244668-15 ES120-7CD	120000	6.624612331	-2.144594431	-3.016788006
23	27:20.1	WBT Tube 244668-15 ES120-7CD	120000	8.053142548	-1.52548933	-2.167261124
23	27:20.1	WBT Tube 244668-15 ES120-7CD	120000	9.426729202	2.194357157	1.824182272
23	27:20.1	WBT Tube 244668-15 ES120-7CD	120000	13.55533791	-0.308992296	-0.201210871
23	27:20.1	WBT Tube 244668-15 ES120-7CD	120000	18.0842495	-1.030993581	-6.253651142
23	27:20.1	WBT Tube 244668-15 ES120-7CD	120000	19.03398514	-0.356950909	3.705726147
23	27:20.1	WBT Tube 244668-15 ES120-7CD	120000	20.11715698	-1.527091742	3.998261929
23	27:20.1	WBT Tube 244667-15 ES200-7CD	200000	5.176459312	-1.744336367	-0.733157873
23	27:20.1	WBT Tube 244667-15 ES200-7CD	200000	6.597140312	-2.032138824	-0.394355118
23	27:20.1	WBT Tube 244673-15 ES333-7CD	333000	6.589290619	-1.092535496	-1.093761206
23	27:20.1	WBT Tube 244673-15 ES333-7CD	333000	7.331027985	-1.133792281	-1.053830981
23	27:20.1	WBT Tube 244673-15 ES333-7CD	333000	7.676386833	-1.140676856	-1.127220392
23	27:20.1	WBT Tube 244673-15 ES333-7CD	333000	9.434577942	2.413846493	3.088808537
23	27:20.1	WBT Tube 244673-15 ES333-7CD	333000	13.63775253	2.844948769	-0.24889107
23	27:20.1	WBT Tube 253689-7 ES38-18DK-Split	38000	6.640309334	-6.315004826	0.867206216
23	27:20.1	WBT Tube 253689-7 ES38-18DK-Split	38000	10.31367302	0.813990593	-12.93224049
23	27:20.1	WBT Tube 253689-7 ES38-18DK-Split	38000	14.78763962	-15.12095833	-1.180400133
23	27:20.1	WBT Tube 253689-7 ES38-18DK-Split	38000	17.18945503	-0.128069684	-16.98959923
23	27:20.1	WBT Tube 253689-7 ES38-18DK-Split	38000	19.07323074	-4.876209736	8.248807907
23	27:20.1	WBT Tube 253689-7 ES38-18DK-Split	38000	20.20349693	-6.589436531	12.22802353
23	27:20.1	WBT Tube 253689-7 ES38-18DK-Split	38000	22.51112175	9.48705864	7.428350925
23	27:20.1	WBT Tube 253689-7 ES38-18DK-Split	38000	23.92395401	9.227873802	2.274424791
23	27:20.1	WBT Tube 244670-15 ES70-7CD	70000	5.239251614	-2.326581717	0.397038579
23	27:20.1	WBT Tube 244670-15 ES70-7CD	70000	6.628536701	-2.117555857	0.268908262
23	27:20.1	WBT Tube 244670-15 ES70-7CD	70000	13.57495975	-0.91407311	2.953706741
23	27:20.1	WBT Tube 244670-15 ES70-7CD	70000	19.07323074	-1.541032314	5.071146488
23	27:20.1	WBT Tube 244670-15 ES70-7CD	70000	23.82976532	-6.526958942	-3.210626125
24	27:20.4	WBT Tube 244668-15 ES120-7CD	120000	6.593215942	-4.661263466	-2.876870871
24	27:20.4	WBT Tube 244668-15 ES120-7CD	120000	9.356087685	-0.835758567	1.688873887
24	27:20.4	WBT Tube 244668-15 ES120-7CD	120000	13.54748917	-0.832038164	-0.794363558
24	27:20.4	WBT Tube 244668-15 ES120-7CD	120000	16.58507729	0.336178422	1.644267559
24	27:20.4	WBT Tube 244668-15 ES120-7CD	120000	17.14236069	-0.340599507	2.568624973
24	27:20.4	WBT Tube 244668-15 ES120-7CD	120000	20.1407032	-2.647567749	4.380579948
24	27:20.4	WBT Tube 244667-15 ES200-7CD	200000	6.546121597	-4.15362215	-0.685557604
24	27:20.4	WBT Tube 244667-15 ES200-7CD	200000	13.5357151	-0.218150452	1.140561581
24	27:20.4	WBT Tube 244673-15 ES333-7CD	333000	6.534347534	-4.441718578	-1.140333414
24	27:20.4	WBT Tube 244673-15 ES333-7CD	333000	9.352162361	-0.487478942	3.312913895
24	27:20.4	WBT Tube 244673-15 ES333-7CD	333000	12.57420444	1.332183242	-0.176894695
24	27:20.4	WBT Tube 244673-15 ES333-7CD	333000	13.53179073	0.291207135	0.069638178
24	27:20.4	WBT Tube 253689-7 ES38-18DK-Split	38000	6.593214989	-11.44669914	1.244765639
24	27:20.4	WBT Tube 253689-7 ES38-18DK-Split	38000	10.26657867	-2.190549612	-13.62956238
24	27:20.4	WBT Tube 253689-7 ES38-18DK-Split	38000	13.13933659	-12.18346882	1.357164741
24	27:20.4	WBT Tube 253689-7 ES38-18DK-Split	38000	16.29466057	7.283995628	6.949063301
24	27:20.4	WBT Tube 253689-7 ES38-18DK-Split	38000	19.0261364	-6.136381149	8.232855797
24	27:20.4	WBT Tube 253689-7 ES38-18DK-Split	38000	20.10930824	-6.469886303	10.26392651
24	27:20.4	WBT Tube 253689-7 ES38-18DK-Split	38000	22.41693306	4.519865036	9.302735329
24	27:20.4	WBT Tube 253689-7 ES38-18DK-Split	38000	23.82976532	10.06583023	0.370301634
24	27:20.4	WBT Tube 244670-15 ES70-7CD	70000	6.581442356	-4.524782181	0.402114749
24	27:20.4	WBT Tube 244670-15 ES70-7CD	70000	7.982500553	-5.381906986	-0.235593081
24	27:20.4	WBT Tube 244670-15 ES70-7CD	70000	9.383558273	-1.064665675	4.804938793
24	27:20.4	WBT Tube 244670-15 ES70-7CD	70000	13.56318569	-0.960343242	1.45151484
24	27:20.4	WBT Tube 244670-15 ES70-7CD	70000	19.01436234	-3.120720148	5.080951691
24	27:20.4	WBT Tube 244670-15 ES70-7CD	70000	19.32047653	-0.95149374	-4.429740429
24	27:20.4	WBT Tube 244670-15 ES70-7CD	70000	19.74432564	-0.521451294	0.228051051
24	27:20.4	WBT Tube 244670-15 ES70-7CD	70000	20.14462852	-2.348409176	-6.769997597
25	27:20.7	WBT Tube 244668-15 ES120-7CD	120000	9.30899334	-3.299878836	1.415752053
25	27:20.7	WBT Tube 244668-15 ES120-7CD	120000	13.46114922	-0.773691952	-1.782484651
25	27:20.7	WBT Tube 244668-15 ES120-7CD	120000	18.93979645	-2.659800291	3.065555334
25	27:20.7	WBT Tube 244667-15 ES200-7CD	200000	24.96003151	4.085625172	2.904861689
25	27:20.7	WBT Tube 244673-15 ES333-7CD	333000	12.5467329	-0.64113909	-0.205096349
25	27:20.7	WBT Tube 244673-15 ES333-7CD	333000	13.44937515	-0.301198304	-0.206646338
25	27:20.7	WBT Tube 244673-15 ES333-7CD	333000	24.95610619	3.062696695	1.530752778
25	27:20.7	WBT Tube 253689-7 ES38-18DK-Split	38000	6.593214989	-16.33284378	-0.877736449
25	27:20.7	WBT Tube 253689-7 ES38-18DK-Split	38000	10.21948433	-4.560982227	-13.99444866
25	27:20.7	WBT Tube 253689-7 ES38-18DK-Split	38000	12.10326004	-6.24224329	-10.83336926
25	27:20.7	WBT Tube 253689-7 ES38-18DK-Split	38000	19.0261364	-7.649758816	8.476673126
25	27:20.7	WBT Tube 253689-7 ES38-18DK-Split	38000	20.15640259	-9.693362236	11.34402084
25	27:20.7	WBT Tube 253689-7 ES38-18DK-Split	38000	22.41693306	5.115903378	8.143882751
25	27:20.7	WBT Tube 253689-7 ES38-18DK-Split	38000	23.73557663	8.177751541	-0.097928993
25	27:20.7	WBT Tube 244670-15 ES70-7CD	70000	5.427629471	-0.717058122	1.645466805
25	27:20.7	WBT Tube 244670-15 ES70-7CD	70000	13.468997	-0.829911113	0.771688163
25	27:20.7	WBT Tube 244670-15 ES70-7CD	70000	14.82296181	4.754158974	-0.22717379
25	27:20.7	WBT Tube 244670-15 ES70-7CD	70000	18.09602165	-4.17115736	-5.335801125
25	27:20.7	WBT Tube 244670-15 ES70-7CD	70000	18.97904205	-4.858934402	5.574338436
25	27:20.7	WBT Tube 244670-15 ES70-7CD	70000	19.7560997	-2.12512064	-0.937019706
25	27:20.7	WBT Tube 244670-15 ES70-7CD	70000	23.29995346	6.087152004	-0.902668834
26	27:21.0	WBT Tube 244668-15 ES120-7CD	120000	13.41405487	-2.574075937	-1.81381464
26	27:21.0	WBT Tube 244668-15 ES120-7CD	120000	14.70130253	1.56903851	-2.891157627
26	27:21.0	WBT Tube 244667-15 ES200-7CD	200000	13.39443207	-2.190210342	0.765755594
26	27:21.0	WBT Tube 244673-15 ES333-7CD	333000	12.5271101	-2.404215574	-0.204199895
26	27:21.0	WBT Tube 244673-15 ES333-7CD	333000	13.38658237	-2.416182518	-0.385410398
26	27:21.0	WBT Tube 253689-7 ES38-18DK-Split	38000	10.21948433	-9.470910072	-17.4401226
26	27:21.0	WBT Tube 253689-7 ES38-18DK-Split	38000	16.0120945	0.085189186	4.760389805
26	27:21.0	WBT Tube 253689-7 ES38-18DK-Split	38000	18.97904205	-8.709812164	8.68770504
26	27:21.0	WBT Tube 253689-7 ES38-18DK-Split	38000	20.10930824	-9.60446167	9.694393158
26	27:21.0	WBT Tube 253689-7 ES38-18DK-Split	38000	22.36983871	3.962914467	7.413384438
26	27:21.0	WBT Tube 253689-7 ES38-18DK-Split	38000	23.68848228	7.926887035	0.357130378
26	27:21.0	WBT Tube 244670-15 ES70-7CD	70000	5.427629471	2.670228481	1.394444585
26	27:21.0	WBT Tube 244670-15 ES70-7CD	70000	6.604989529	6.908777714	-1.785932064
26	27:21.0	WBT Tube 244670-15 ES70-7CD	70000	12.16212749	0.828154922	-2.142725468
26	27:21.0	WBT Tube 244670-15 ES70-7CD	70000	13.41012955	-2.808897257	0.299948752
26	27:21.0	WBT Tube 244670-15 ES70-7CD	70000	14.70522499	0.735208631	-0.667309463
26	27:21.0	WBT Tube 244670-15 ES70-7CD	70000	15.19971657	-1.431473732	-1.040348649
26	27:21.0	WBT Tube 244670-15 ES70-7CD	70000	16.54190636	-2.583189964	1.599462271
26	27:21.0	WBT Tube 244670-15 ES70-7CD	70000	22.11081886	0.193511307	0.809481025
27	27:21.3	WBT Tube 244668-15 ES120-7CD	120000	10.40001392	0.466631204	0.249111667
27	27:21.3	WBT Tube 244668-15 ES120-7CD	120000	13.37480927	-4.218040466	-2.014261007
27	27:21.3	WBT Tube 244668-15 ES120-7CD	120000	15.86296368	4.150185585	2.874326468
27	27:21.3	WBT Tube 244668-15 ES120-7CD	120000	24.76380348	2.431737185	0.459204912
27	27:21.3	WBT Tube 244673-15 ES333-7CD	333000	10.40001297	0.512389243	1.99186182
27	27:21.3	WBT Tube 244673-15 ES333-7CD	333000	15.87473679	3.026318073	3.501206398
27	27:21.3	WBT Tube 253689-7 ES38-18DK-Split	38000	8.476991653	6.298653603	6.026761532
27	27:21.3	WBT Tube 253689-7 ES38-18DK-Split	38000	10.17238998	-10.68085194	-15.7130785
27	27:21.3	WBT Tube 253689-7 ES38-18DK-Split	38000	12.43292046	15.25991917	6.154756546
27	27:21.3	WBT Tube 253689-7 ES38-18DK-Split	38000	15.91790581	1.751524091	5.759570122
27	27:21.3	WBT Tube 253689-7 ES38-18DK-Split	38000	18.93194771	-10.4461956	8.730781555
27	27:21.3	WBT Tube 253689-7 ES38-18DK-Split	38000	20.0622139	-10.76830769	8.17671299
27	27:21.3	WBT Tube 253689-7 ES38-18DK-Split	38000	22.32274437	1.744869113	8.955931664
27	27:21.3	WBT Tube 253689-7 ES38-18DK-Split	38000	23.68848228	7.326793671	0.085392848
27	27:21.3	WBT Tube 244670-15 ES70-7CD	70000	9.666124344	-3.23190403	-0.413249195
27	27:21.3	WBT Tube 244670-15 ES70-7CD	70000	12.76258087	-0.754569352	-4.518826008
27	27:21.3	WBT Tube 244670-15 ES70-7CD	70000	14.6110363	-0.922423363	0.117648207
27	27:21.3	WBT Tube 244670-15 ES70-7CD	70000	20.59202576	3.555570841	1.502649784
27	27:21.3	WBT Tube 244670-15 ES70-7CD	70000	23.04093361	5.756525517	-0.664798081
27	27:21.3	WBT Tube 244670-15 ES70-7CD	70000	23.72380257	5.458540916	-1.407769203
27	27:21.3	WBT Tube 244670-15 ES70-7CD	70000	24.40667152	1.752898812	2.391658068
28	27:21.6	WBT Tube 244668-15 ES120-7CD	120000	8.374954224	5.656889915	2.744624615
28	27:21.6	WBT Tube 244668-15 ES120-7CD	120000	14.52862263	-2.702514172	-3.139696836
28	27:21.6	WBT Tube 244668-15 ES120-7CD	120000	15.73737812	2.665957451	2.932344675
28	27:21.6	WBT Tube 244668-15 ES120-7CD	120000	22.24425316	3.901399136	4.081097126
28	27:21.6	WBT Tube 244668-15 ES120-7CD	120000	22.92712212	4.765601158	-2.459229708
28	27:21.6	WBT Tube 244673-15 ES333-7CD	333000	24.68138885	-0.141169474	1.343470573
28	27:21.6	WBT Tube 253689-7 ES38-18DK-Split	38000	8.38280201	2.845839739	6.677043438
28	27:21.6	WBT Tube 253689-7 ES38-18DK-Split	38000	12.29163742	10.31606102	-0.865198374
28	27:21.6	WBT Tube 253689-7 ES38-18DK-Split	38000	15.72952843	-1.759382486	6.406949043
28	27:21.6	WBT Tube 253689-7 ES38-18DK-Split	38000	17.84877586	-12.13092327	-16.61499214
28	27:21.6	WBT Tube 253689-7 ES38-18DK-Split	38000	18.93194771	-12.25175953	8.920929909
28	27:21.6	WBT Tube 253689-7 ES38-18DK-Split	38000	20.10930824	-10.57683277	7.443615437
28	27:21.6	WBT Tube 253689-7 ES38-18DK-Split	38000	22.22855568	1.30221355	9.97621727
28	27:21.6	WBT Tube 253689-7 ES38-18DK-Split	38000	23.64138794	5.631287098	-0.864006698
28	27:21.6	WBT Tube 244670-15 ES70-7CD	70000	5.298120022	0.595509052	1.743776798
28	27:21.6	WBT Tube 244670-15 ES70-7CD	70000	8.429896355	5.770290375	5.264877319
28	27:21.6	WBT Tube 244670-15 ES70-7CD	70000	14.52862167	-2.096905708	0.072213046
28	27:21.6	WBT Tube 244670-15 ES70-7CD	70000	18.75534248	-2.689422846	2.278059244
28	27:21.6	WBT Tube 244670-15 ES70-7CD	70000	22.92319679	4.370683193	-0.63547492
28	27:21.6	WBT Tube 244670-15 ES70-7CD	70000	23.72380257	5.945074081	-0.596477091
29	27:21.9	WBT Tube 244668-15 ES120-7CD	120000	8.272916794	3.336250305	2.863483667
29	27:21.9	WBT Tube 244668-15 ES120-7CD	120000	9.654352188	1.578116775	1.540997505
29	27:21.9	WBT Tube 244668-15 ES120-7CD	120000	15.61964321	0.445606887	3.008730412
29	27:21.9	WBT Tube 244668-15 ES120-7CD	120000	20.32908249	3.072341681	0.342517197
29	27:21.9	WBT Tube 244668-15 ES120-7CD	120000	22.82508469	3.480209351	-2.528003454
29	27:21.9	WBT Tube 244667-15 ES200-7CD	200000	8.265067101	3.105912209	4.68117857
29	27:21.9	WBT Tube 244667-15 ES200-7CD	200000	22.80546188	2.63465929	-0.356983632
29	27:21.9	WBT Tube 244673-15 ES333-7CD	333000	8.27684021	3.064837694	3.910232067
29	27:21.9	WBT Tube 244673-15 ES333-7CD	333000	10.27050304	0.544940531	0.520075798
29	27:21.9	WBT Tube 244673-15 ES333-7CD	333000	15.60786819	0.110426359	4.394875526
29	27:21.9	WBT Tube 253689-7 ES38-18DK-Split	38000	8.288613319	-1.551796079	6.621900558
29	27:21.9	WBT Tube 253689-7 ES38-18DK-Split	38000	12.19744873	13.53410244	5.362646103
29	27:21.9	WBT Tube 253689-7 ES38-18DK-Split	38000	18.93194771	-13.71106148	8.522883415
29	27:21.9	WBT Tube 253689-7 ES38-18DK-Split	38000	22.22855568	1.267613888	7.308869839
29	27:21.9	WBT Tube 253689-7 ES38-18DK-Split	38000	23.64138794	4.929102898	0.450941145
29	27:21.9	WBT Tube 244670-15 ES70-7CD	70000	8.323934555	3.204746962	5.504256725
29	27:21.9	WBT Tube 244670-15 ES70-7CD	70000	9.70144558	-0.753808141	-0.024612589
29	27:21.9	WBT Tube 244670-15 ES70-7CD	70000	14.46975327	-4.457087517	-0.572779179
29	27:21.9	WBT Tube 244670-15 ES70-7CD	70000	14.70522499	1.122614026	-0.833802462
29	27:21.9	WBT Tube 244670-15 ES70-7CD	70000	15.6471138	-0.576666892	5.187934875
29	27:21.9	WBT Tube 244670-15 ES70-7CD	70000	18.73179626	-4.136179447	2.53830409
29	27:21.9	WBT Tube 244670-15 ES70-7CD	70000	20.6391201	6.78558588	-0.548589528
29	27:21.9	WBT Tube 244670-15 ES70-7CD	70000	22.34629059	2.008727312	5.569663048
29	27:21.9	WBT Tube 244670-15 ES70-7CD	70000	22.8290081	3.376222134	-0.474502951
29	27:21.9	WBT Tube 244670-15 ES70-7CD	70000	23.67670822	5.848294258	-1.218022466
30	27:22.2	WBT Tube 244668-15 ES120-7CD	120000	6.758045673	-0.179361314	3.856868505
30	27:22.2	WBT Tube 244668-15 ES120-7CD	120000	8.202275276	0.076192625	2.664943933
30	27:22.2	WBT Tube 244668-15 ES120-7CD	120000	22.28349876	1.820804834	4.117823601
30	27:22.2	WBT Tube 244668-15 ES120-7CD	120000	22.74659348	2.0724895	-2.157167196
30	27:22.2	WBT Tube 244667-15 ES200-7CD	200000	8.18265152	-0.176197469	4.860435009
30	27:22.2	WBT Tube 244667-15 ES200-7CD	200000	10.18416309	-0.434939981	1.25768137
30	27:22.2	WBT Tube 244667-15 ES200-7CD	200000	22.71127319	1.462875009	-0.035765149
30	27:22.2	WBT Tube 244673-15 ES333-7CD	333000	8.194425583	0.073487572	4.633927345
30	27:22.2	WBT Tube 244673-15 ES333-7CD	333000	9.234426498	0.712469935	0.427235603
30	27:22.2	WBT Tube 244673-15 ES333-7CD	333000	10.17631435	-0.090092093	0.343278021
30	27:22.2	WBT Tube 253689-7 ES38-18DK-Split	38000	4.615250587	-6.30651474	-2.760549068
30	27:22.2	WBT Tube 253689-7 ES38-18DK-Split	38000	8.241518974	-3.356017113	6.924747467
30	27:22.2	WBT Tube 253689-7 ES38-18DK-Split	38000	12.0561657	7.359515667	5.976410389
30	27:22.2	WBT Tube 253689-7 ES38-18DK-Split	38000	18.97904205	-13.54367065	3.964882612
30	27:22.2	WBT Tube 253689-7 ES38-18DK-Split	38000	20.486063	7.535707951	2.605462074
30	27:22.2	WBT Tube 253689-7 ES38-18DK-Split	38000	22.27565002	-1.629914522	7.833333015
30	27:22.2	WBT Tube 253689-7 ES38-18DK-Split	38000	23.68848228	4.332206726	0.096852988
30	27:22.2	WBT Tube 244670-15 ES70-7CD	70000	8.241518974	-0.887163877	6.299926758
30	27:22.2	WBT Tube 244670-15 ES70-7CD	70000	12.12680721	4.291459084	1.731648207
30	27:22.2	WBT Tube 244670-15 ES70-7CD	70000	15.54115105	-2.204250574	6.399541378
30	27:22.2	WBT Tube 244670-15 ES70-7CD	70000	17.91941833	-0.557857931	-2.697440624
30	27:22.2	WBT Tube 244670-15 ES70-7CD	70000	20.49783516	6.61177969	-0.064631395
30	27:22.2	WBT Tube 244670-15 ES70-7CD	70000	22.32274437	1.009911537	5.048306465
30	27:22.2	WBT Tube 244670-15 ES70-7CD	70000	22.73481941	1.675521731	-0.353762388
30	27:22.2	WBT Tube 244670-15 ES70-7CD	70000	23.67670822	4.733568192	-0.907693148
31	27:22.5	WBT Tube 244668-15 ES120-7CD	120000	8.155179977	-3.242475271	3.045564175
31	27:22.5	WBT Tube 244668-15 ES120-7CD	120000	11.93843079	6.181909561	1.997480392
31	27:22.5	WBT Tube 244668-15 ES120-7CD	120000	20.35262871	4.370512009	-1.549366117
31	27:22.5	WBT Tube 244668-15 ES120-7CD	120000	22.25995255	0.395590395	4.137743473
31	27:22.5	WBT Tube 244668-15 ES120-7CD	120000	22.66810417	0.569545925	-1.98041153
31	27:22.5	WBT Tube 244667-15 ES200-7CD	200000	10.12922001	-3.70923233	1.751691222
31	27:22.5	WBT Tube 244667-15 ES200-7CD	200000	16.77345467	3.572543383	1.758514524
31	27:22.5	WBT Tube 244667-15 ES200-7CD	200000	20.36047745	4.09846735	0.564618826
31	27:22.5	WBT Tube 244667-15 ES200-7CD	200000	22.64455605	0.106155232	-0.04767837
31	27:22.5	WBT Tube 244667-15 ES200-7CD	200000	23.66885948	4.240025997	-0.594183087
31	27:22.5	WBT Tube 244673-15 ES333-7CD	333000	4.485741615	2.660413265	3.138977528
31	27:22.5	WBT Tube 244673-15 ES333-7CD	333000	9.140237808	-1.236333728	0.139620468
31	27:22.5	WBT Tube 244673-15 ES333-7CD	333000	10.10959721	-3.079313517	0.77017498
31	27:22.5	WBT Tube 253689-7 ES38-18DK-Split	38000	8.194424629	-9.400085449	8.908592224
31	27:22.5	WBT Tube 253689-7 ES38-18DK-Split	38000	11.96197701	3.996507645	5.338334084
31	27:22.5	WBT Tube 253689-7 ES38-18DK-Split	38000	15.58824539	13.85167027	3.113648415
31	27:22.5	WBT Tube 253689-7 ES38-18DK-Split	38000	20.34477997	-2.582695961	2.806396008
31	27:22.5	WBT Tube 253689-7 ES38-18DK-Split	38000	22.32274437	-2.146497965	7.977950096
31	27:22.5	WBT Tube 253689-7 ES38-18DK-Split	38000	23.68848228	2.679546356	-0.030273233
31	27:22.5	WBT Tube 244670-15 ES70-7CD	70000	8.194424629	-4.044831276	6.087982178
31	27:22.5	WBT Tube 244670-15 ES70-7CD	70000	11.98552418	4.808807373	2.831379175
31	27:22.5	WBT Tube 244670-15 ES70-7CD	70000	14.31669617	-2.470014572	-3.366764545
31	27:22.5	WBT Tube 244670-15 ES70-7CD	70000	18.60228729	5.001795769	-0.689973116
31	27:22.5	WBT Tube 244670-15 ES70-7CD	70000	20.38010025	5.383412838	0.436162174
31	27:22.5	WBT Tube 244670-15 ES70-7CD	70000	21.22779846	0.464492232	-0.651040316
31	27:22.5	WBT Tube 244670-15 ES70-7CD	70000	22.31097031	-0.892093241	5.543403149
31	27:22.5	WBT Tube 244670-15 ES70-7CD	70000	22.66417885	0.180379391	-0.130829483
31	27:22.5	WBT Tube 244670-15 ES70-7CD	70000	23.67670822	4.363695621	-0.752295315
32	27:22.9	WBT Tube 244668-15 ES120-7CD	120000	8.147331238	-5.178160191	2.913536787
32	27:22.9	WBT Tube 244668-15 ES120-7CD	120000	11.86778927	4.62100029	1.558547854
32	27:22.9	WBT Tube 244668-15 ES120-7CD	120000	16.67141724	3.57669282	-0.42570442
32	27:22.9	WBT Tube 244668-15 ES120-7CD	120000	22.60531044	-0.896589518	-1.801639795
32	27:22.9	WBT Tube 244667-15 ES200-7CD	200000	11.87171268	4.430077553	3.80273962
32	27:22.9	WBT Tube 244667-15 ES200-7CD	200000	16.67926598	2.49190259	1.886790276
32	27:22.9	WBT Tube 244667-15 ES200-7CD	200000	20.25844002	3.311237097	0.593152344
32	27:22.9	WBT Tube 244667-15 ES200-7CD	200000	22.5778389	-1.169114709	0.275140524
32	27:22.9	WBT Tube 244667-15 ES200-7CD	200000	23.62961388	3.487041473	-0.605944633
32	27:22.9	WBT Tube 244673-15 ES333-7CD	333000	11.88348675	4.159844875	2.790979862
32	27:22.9	WBT Tube 244673-15 ES333-7CD	333000	16.67926598	2.202962875	0.772848368
32	27:22.9	WBT Tube 253689-7 ES38-18DK-Split	38000	8.241518974	-13.62652111	10.13020706
32	27:22.9	WBT Tube 253689-7 ES38-18DK-Split	38000	11.91488266	1.444463015	5.204267502
32	27:22.9	WBT Tube 253689-7 ES38-18DK-Split	38000	15.44696236	12.04826546	2.751701117
32	27:22.9	WBT Tube 253689-7 ES38-18DK-Split	38000	20.20349693	-4.463023186	-2.755600691
32	27:22.9	WBT Tube 253689-7 ES38-18DK-Split	38000	22.36983871	-3.465311527	7.298667431
32	27:22.9	WBT Tube 253689-7 ES38-18DK-Split	38000	23.59429359	1.754538178	-0.08676482
32	27:22.9	WBT Tube 244670-15 ES70-7CD	70000	5.309893608	1.498593211	1.411955714
32	27:22.9	WBT Tube 244670-15 ES70-7CD	70000	6.298875809	-1.146988392	-0.505211115
32	27:22.9	WBT Tube 244670-15 ES70-7CD	70000	8.159104347	-6.467670441	6.011805534
32	27:22.9	WBT Tube 244670-15 ES70-7CD	70000	11.91488171	3.409887791	3.408216715
32	27:22.9	WBT Tube 244670-15 ES70-7CD	70000	12.86854362	0.868577302	-3.567701101
32	27:22.9	WBT Tube 244670-15 ES70-7CD	70000	13.30416679	2.120980978	2.286068201
32	27:22.9	WBT Tube 244670-15 ES70-7CD	70000	15.05843353	-0.015628783	-8.614729881
32	27:22.9	WBT Tube 244670-15 ES70-7CD	70000	16.69496346	3.478518963	2.683164597
32	27:22.9	WBT Tube 244670-15 ES70-7CD	70000	18.2961731	4.400524139	-0.013895418
32	27:22.9	WBT Tube 244670-15 ES70-7CD	70000	18.5080986	3.177978754	-0.217817798
32	27:22.9	WBT Tube 244670-15 ES70-7CD	70000	20.2741375	3.289479971	0.444578767
32	27:22.9	WBT Tube 244670-15 ES70-7CD	70000	22.60531044	-1.275380611	0.026501667
32	27:22.9	WBT Tube 244670-15 ES70-7CD	70000	23.6531601	3.871319532	-0.722351074
33	27:23.2	WBT Tube 244668-15 ES120-7CD	120000	7.024914265	3.4259758	-1.290334344
33	27:23.2	WBT Tube 244668-15 ES120-7CD	120000	10.35291862	1.792084813	1.77431643
33	27:23.2	WBT Tube 244668-15 ES120-7CD	120000	11.81284523	2.219247818	1.501661897
33	27:23.2	WBT Tube 244668-15 ES120-7CD	120000	15.54900074	0.144950509	0.841360807
33	27:23.2	WBT Tube 244668-15 ES120-7CD	120000	16.60077477	0.847945392	-0.046700016
33	27:23.2	WBT Tube 244668-15 ES120-7CD	120000	18.47670174	2.268432617	-1.834374785
33	27:23.2	WBT Tube 244668-15 ES120-7CD	120000	22.55821609	-2.258673906	-1.652922511
33	27:23.2	WBT Tube 244667-15 ES200-7CD	200000	6.463706493	3.104250193	-1.696793556
33	27:23.2	WBT Tube 244667-15 ES200-7CD	200000	7.028839588	3.783696413	0.940452039
33	27:23.2	WBT Tube 244667-15 ES200-7CD	200000	11.80891991	1.919603109	3.590060711
33	27:23.2	WBT Tube 244667-15 ES200-7CD	200000	16.60470009	0.586549759	2.2283957
33	27:23.2	WBT Tube 244667-15 ES200-7CD	200000	18.468853	1.927502632	0.137269825
33	27:23.2	WBT Tube 244667-15 ES200-7CD	200000	20.17994881	1.959850788	0.675836027
33	27:23.2	WBT Tube 244667-15 ES200-7CD	200000	22.53074455	-2.60684824	0.036067303
33	27:23.2	WBT Tube 244667-15 ES200-7CD	200000	23.58644485	2.131367683	-0.417052001
33	27:23.2	WBT Tube 244673-15 ES333-7CD	333000	6.455857277	3.274661779	-2.168132782
33	27:23.2	WBT Tube 244673-15 ES333-7CD	333000	10.94552326	1.929770231	2.44932723
33	27:23.2	WBT Tube 244673-15 ES333-7CD	333000	11.81284523	1.847759843	2.81349206
33	27:23.2	WBT Tube 244673-15 ES333-7CD	333000	15.90613365	0.624319851	0.954461873
33	27:23.2	WBT Tube 244673-15 ES333-7CD	333000	16.60077477	0.376213223	0.98870784
33	27:23.2	WBT Tube 244673-15 ES333-7CD	333000	18.47670174	1.967120886	-0.930656493
33	27:23.2	WBT Tube 244673-15 ES333-7CD	333000	22.5189724	-2.35857439	-0.332923263
33	27:23.2	WBT Tube 244673-15 ES333-7CD	333000	23.58644485	1.87897253	-1.051602244
33	27:23.2	WBT Tube 253689-7 ES38-18DK-Split	38000	11.86778831	-1.585380554	5.162964344
33	27:23.2	WBT Tube 253689-7 ES38-18DK-Split	38000	15.25858498	10.76090145	3.618741512
33	27:23.2	WBT Tube 253689-7 ES38-18DK-Split	38000	18.74357033	4.327795506	11.57885075
33	27:23.2	WBT Tube 253689-7 ES38-18DK-Split	38000	20.20349693	-0.997463405	4.810399055
33	27:23.2	WBT Tube 253689-7 ES38-18DK-Split	38000	22.41693306	-4.900141716	5.617704868
33	27:23.2	WBT Tube 253689-7 ES38-18DK-Split	38000	23.59429359	-0.28361553	0.137575805
33	27:23.2	WBT Tube 244670-15 ES70-7CD	70000	7.06415987	3.401285172	2.072173119
33	27:23.2	WBT Tube 244670-15 ES70-7CD	70000	8.677142143	0.301274389	-3.855248451
33	27:23.2	WBT Tube 244670-15 ES70-7CD	70000	10.40786171	2.404439211	4.858125687
33	27:23.2	WBT Tube 244670-15 ES70-7CD	70000	11.84424019	1.493523955	3.650353432
33	27:23.2	WBT Tube 244670-15 ES70-7CD	70000	13.18643093	-0.072839171	2.38011241
33	27:23.2	WBT Tube 244670-15 ES70-7CD	70000	14.06945038	4.807155609	2.408743143
33	27:23.2	WBT Tube 244670-15 ES70-7CD	70000	16.62432098	1.093447566	2.669591665
33	27:23.2	WBT Tube 244670-15 ES70-7CD	70000	18.21375847	3.921888113	-0.040440977
33	27:23.2	WBT Tube 244670-15 ES70-7CD	70000	18.48455048	2.075132608	-0.12413647
33	27:23.2	WBT Tube 244670-15 ES70-7CD	70000	20.19172287	2.053575754	0.278062433
33	27:23.2	WBT Tube 244670-15 ES70-7CD	70000	22.55821609	-2.678955793	0.108096465
33	27:23.2	WBT Tube 244670-15 ES70-7CD	70000	23.60606575	1.373143911	-0.626188934
34	27:23.5	WBT Tube 244668-15 ES120-7CD	120000	6.993518353	-0.206283271	-1.181495309
34	27:23.5	WBT Tube 244668-15 ES120-7CD	120000	10.32152271	-0.568115175	1.74353075
34	27:23.5	WBT Tube 244668-15 ES120-7CD	120000	11.77360058	-0.34721756	1.460741758
34	27:23.5	WBT Tube 244668-15 ES120-7CD	120000	12.41722393	-0.430335045	0.657941997
34	27:23.5	WBT Tube 244668-15 ES120-7CD	120000	13.19428158	-0.175556883	0.969875932
34	27:23.5	WBT Tube 244668-15 ES120-7CD	120000	16.54583168	-1.122770309	-0.107337959
34	27:23.5	WBT Tube 244668-15 ES120-7CD	120000	20.11715698	1.134272695	-1.506876826
34	27:23.5	WBT Tube 244667-15 ES200-7CD	200000	6.393064976	-1.56254971	-1.637810588
34	27:23.5	WBT Tube 244667-15 ES200-7CD	200000	6.97389555	0.249884605	1.42036736
34	27:23.5	WBT Tube 244667-15 ES200-7CD	200000	11.76182556	-0.559637427	3.656854153
34	27:23.5	WBT Tube 244667-15 ES200-7CD	200000	13.19820499	-0.857331276	3.517258167
34	27:23.5	WBT Tube 244667-15 ES200-7CD	200000	15.98854828	-1.337557912	1.910239577
34	27:23.5	WBT Tube 244667-15 ES200-7CD	200000	16.54190636	-1.354668856	1.997997522
34	27:23.5	WBT Tube 244667-15 ES200-7CD	200000	18.45315552	0.239017054	0.077689439
34	27:23.5	WBT Tube 244667-15 ES200-7CD	200000	20.10930824	0.425440252	0.694217861
34	27:23.5	WBT Tube 244667-15 ES200-7CD	200000	23.60999107	0.909300029	-0.621372819
34	27:23.5	WBT Tube 244673-15 ES333-7CD	333000	5.533592224	-0.472414047	-2.165683746
34	27:23.5	WBT Tube 244673-15 ES333-7CD	333000	6.389140129	-0.589599192	-1.910139322
34	27:23.5	WBT Tube 244673-15 ES333-7CD	333000	6.966046333	0.761875987	0.73475033
34	27:23.5	WBT Tube 244673-15 ES333-7CD	333000	10.80424023	-0.635321021	2.115344286
34	27:23.5	WBT Tube 244673-15 ES333-7CD	333000	11.76575089	-0.65757823	2.888774395
34	27:23.5	WBT Tube 244673-15 ES333-7CD	333000	12.81360054	-0.249388829	1.66772902
34	27:23.5	WBT Tube 244673-15 ES333-7CD	333000	15.58824539	-1.278635383	0.749857426
34	27:23.5	WBT Tube 244673-15 ES333-7CD	333000	16.55368042	-0.973113239	1.077907681
34	27:23.5	WBT Tube 244673-15 ES333-7CD	333000	17.61722946	-0.91386205	0.767444134
34	27:23.5	WBT Tube 244673-15 ES333-7CD	333000	18.45707893	-0.085732117	-0.888531506
34	27:23.5	WBT Tube 244673-15 ES333-7CD	333000	23.6139164	0.067399211	-1.286529303
34	27:23.5	WBT Tube 253689-7 ES38-18DK-Split	38000	11.82069302	-4.06069088	5.181824207
34	27:23.5	WBT Tube 253689-7 ES38-18DK-Split	38000	15.16439629	10.89835262	0.794178724
34	27:23.5	WBT Tube 253689-7 ES38-18DK-Split	38000	18.69647598	1.847874999	9.534029007
34	27:23.5	WBT Tube 253689-7 ES38-18DK-Split	38000	20.10930824	-2.93628931	2.221868038
34	27:23.5	WBT Tube 253689-7 ES38-18DK-Split	38000	22.51112175	-6.196022511	8.988904953
34	27:23.5	WBT Tube 253689-7 ES38-18DK-Split	38000	23.59429359	-0.373441607	0.368840963
34	27:23.5	WBT Tube 244670-15 ES70-7CD	70000	5.309893608	1.80847466	0.042262249
34	27:23.5	WBT Tube 244670-15 ES70-7CD	70000	7.005291462	0.156017855	3.14723587
34	27:23.5	WBT Tube 244670-15 ES70-7CD	70000	8.630047798	-2.322513342	-3.165068388
34	27:23.5	WBT Tube 244670-15 ES70-7CD	70000	11.79714584	-0.693614364	3.683403969
34	27:23.5	WBT Tube 244670-15 ES70-7CD	70000	13.2099781	-0.897811413	2.204524755
34	27:23.5	WBT Tube 244670-15 ES70-7CD	70000	13.97526169	5.767525673	1.937046409
34	27:23.5	WBT Tube 244670-15 ES70-7CD	70000	16.56545448	-1.262899995	2.025709629
34	27:23.5	WBT Tube 244670-15 ES70-7CD	70000	18.02538109	2.829923868	3.502576351
34	27:23.5	WBT Tube 244670-15 ES70-7CD	70000	18.48455048	0.341983944	-0.141793713
34	27:23.5	WBT Tube 244670-15 ES70-7CD	70000	20.13285446	1.071692348	0.523836255
34	27:23.5	WBT Tube 244670-15 ES70-7CD	70000	22.52289581	-4.171342373	1.820058823
34	27:23.5	WBT Tube 244670-15 ES70-7CD	70000	23.62961388	1.335995793	-0.703482866
35	27:23.8	WBT Tube 244668-15 ES120-7CD	120000	6.993518353	-4.190374374	-1.376281619
35	27:23.8	WBT Tube 244668-15 ES120-7CD	120000	9.842729568	3.018835545	1.372105837
35	27:23.8	WBT Tube 244668-15 ES120-7CD	120000	10.2901268	-3.285534859	1.547808528
35	27:23.8	WBT Tube 244668-15 ES120-7CD	120000	11.75005245	-3.001562595	1.439493537
35	27:23.8	WBT Tube 244668-15 ES120-7CD	120000	13.83790493	3.837609768	0.776421666
35	27:23.8	WBT Tube 244668-15 ES120-7CD	120000	16.51443481	-2.989018679	-0.309432238
35	27:23.8	WBT Tube 244668-15 ES120-7CD	120000	17.9508152	1.832044721	1.697925091
35	27:23.8	WBT Tube 244668-15 ES120-7CD	120000	19.39504242	0.832246959	0.686392725
35	27:23.8	WBT Tube 244668-15 ES120-7CD	120000	20.0622139	-0.141493544	-1.679723978
35	27:23.8	WBT Tube 244668-15 ES120-7CD	120000	21.46719551	-0.041171849	-0.668315709
35	27:23.8	WBT Tube 244667-15 ES200-7CD	200000	11.73435402	-2.945079565	3.635074139
35	27:23.8	WBT Tube 244667-15 ES200-7CD	200000	18.44923019	-1.730723619	-0.08118365
35	27:23.8	WBT Tube 244667-15 ES200-7CD	200000	20.05043983	-0.903550565	0.695306182
35	27:23.8	WBT Tube 244667-15 ES200-7CD	200000	23.68455696	-0.24275741	-0.75188446
35	27:23.8	WBT Tube 244673-15 ES333-7CD	333000	6.353818893	-4.266745567	-2.031459093
35	27:23.8	WBT Tube 244673-15 ES333-7CD	333000	16.49873734	-3.128865004	1.099666238
35	27:23.8	WBT Tube 244673-15 ES333-7CD	333000	17.95866394	1.057246208	2.192476034
35	27:23.8	WBT Tube 244673-15 ES333-7CD	333000	18.42175865	-1.37721622	-1.080809832
35	27:23.8	WBT Tube 244673-15 ES333-7CD	333000	20.03081703	-0.992684066	-0.790893853
35	27:23.8	WBT Tube 253689-7 ES38-18DK-Split	38000	10.83171082	5.04685688	12.70056438
35	27:23.8	WBT Tube 253689-7 ES38-18DK-Split	38000	11.82069302	-6.804289341	5.700477123
35	27:23.8	WBT Tube 253689-7 ES38-18DK-Split	38000	15.02311325	6.848531723	4.368384361
35	27:23.8	WBT Tube 253689-7 ES38-18DK-Split	38000	18.64938164	0.47436285	8.987764359
35	27:23.8	WBT Tube 253689-7 ES38-18DK-Split	38000	20.0622139	-1.745742321	1.858346224
35	27:23.8	WBT Tube 253689-7 ES38-18DK-Split	38000	22.60531044	-7.661202431	7.272006989
35	27:23.8	WBT Tube 253689-7 ES38-18DK-Split	38000	23.73557663	0.314419091	0.624512434
35	27:23.8	WBT Tube 244670-15 ES70-7CD	70000	7.005291462	-4.032228947	2.05421567
35	27:23.8	WBT Tube 244670-15 ES70-7CD	70000	11.77359867	-3.249873161	3.827365398
35	27:23.8	WBT Tube 244670-15 ES70-7CD	70000	15.05843353	5.962179661	2.107106924
35	27:23.8	WBT Tube 244670-15 ES70-7CD	70000	18.01360703	0.999696493	3.065826893
35	27:23.8	WBT Tube 244670-15 ES70-7CD	70000	18.11956978	0.153862447	0.573415875
35	27:23.8	WBT Tube 244670-15 ES70-7CD	70000	18.46100426	-1.308675528	0.118255094
35	27:23.8	WBT Tube 244670-15 ES70-7CD	70000	18.67292786	2.784422874	5.608807564
35	27:23.8	WBT Tube 244670-15 ES70-7CD	70000	20.07398605	-0.588739336	0.537605941
35	27:23.8	WBT Tube 244670-15 ES70-7CD	70000	22.49934769	-5.121776104	0.681826472
35	27:23.8	WBT Tube 244670-15 ES70-7CD	70000	23.70025444	-0.560985088	-0.891922295
35	27:23.8	WBT Tube 244670-15 ES70-7CD	70000	24.3831234	-0.444590628	-0.768078625
36	27:24.1	WBT Tube 244668-15 ES120-7CD	120000	8.830200195	2.94309783	-0.089937069
36	27:24.1	WBT Tube 244668-15 ES120-7CD	120000	9.842729568	0.313389122	1.502195716
36	27:24.1	WBT Tube 244668-15 ES120-7CD	120000	11.75005245	-4.193673611	1.198331356
36	27:24.1	WBT Tube 244668-15 ES120-7CD	120000	12.59775257	-0.332129925	-2.181023836
36	27:24.1	WBT Tube 244668-15 ES120-7CD	120000	13.76726341	2.566966057	0.622790039
36	27:24.1	WBT Tube 244668-15 ES120-7CD	120000	14.89752865	6.142864227	0.453147739
36	27:24.1	WBT Tube 244668-15 ES120-7CD	120000	17.95866394	-0.027432496	1.45032227
36	27:24.1	WBT Tube 244668-15 ES120-7CD	120000	18.55519295	1.989987493	4.170159817
36	27:24.1	WBT Tube 244668-15 ES120-7CD	120000	19.3714962	-0.749094605	0.827528238
36	27:24.1	WBT Tube 244668-15 ES120-7CD	120000	20.01511955	-1.618026972	-1.210209966
36	27:24.1	WBT Tube 244668-15 ES120-7CD	120000	22.51112175	-5.218643188	-2.352693319
36	27:24.1	WBT Tube 244667-15 ES200-7CD	200000	7.67246294	-0.3735376	1.949959397
36	27:24.1	WBT Tube 244667-15 ES200-7CD	200000	11.72650528	-4.880593777	3.999919176
36	27:24.1	WBT Tube 244667-15 ES200-7CD	200000	20.01119423	-2.262544632	0.792961597
36	27:24.1	WBT Tube 244667-15 ES200-7CD	200000	23.70417976	-1.312425494	-1.095179796
36	27:24.1	WBT Tube 244673-15 ES333-7CD	333000	16.47519112	-3.975389481	0.840297401
36	27:24.1	WBT Tube 244673-15 ES333-7CD	333000	17.95473862	-0.418796152	2.355882168
36	27:24.1	WBT Tube 244673-15 ES333-7CD	333000	23.69633102	-1.572692752	-1.68690896
36	27:24.1	WBT Tube 253689-7 ES38-18DK-Split	38000	9.136312485	6.288484097	14.89106941
36	27:24.1	WBT Tube 253689-7 ES38-18DK-Split	38000	10.73752213	4.030255795	12.80330372
36	27:24.1	WBT Tube 253689-7 ES38-18DK-Split	38000	11.82069302	-8.786990166	5.940910339
36	27:24.1	WBT Tube 253689-7 ES38-18DK-Split	38000	14.92892456	5.104211807	2.43726182
36	27:24.1	WBT Tube 253689-7 ES38-18DK-Split	38000	18.55519295	-1.434110999	8.279862404
36	27:24.1	WBT Tube 253689-7 ES38-18DK-Split	38000	20.0622139	-5.1377635	1.454915404
36	27:24.1	WBT Tube 253689-7 ES38-18DK-Split	38000	22.69949913	-6.022721767	9.879646301
36	27:24.1	WBT Tube 253689-7 ES38-18DK-Split	38000	23.73557663	-0.557623744	-0.426777065
36	27:24.1	WBT Tube 244670-15 ES70-7CD	70000	6.228234291	-2.678017616	1.896109104
36	27:24.1	WBT Tube 244670-15 ES70-7CD	70000	9.88982296	-0.511962354	3.338474274
36	27:24.1	WBT Tube 244670-15 ES70-7CD	70000	11.77359867	-4.986579418	3.792118788
36	27:24.1	WBT Tube 244670-15 ES70-7CD	70000	13.78688431	2.248520613	3.570914984
36	27:24.1	WBT Tube 244670-15 ES70-7CD	70000	14.94069672	5.378823757	2.041232347
36	27:24.1	WBT Tube 244670-15 ES70-7CD	70000	18.01360703	-0.212245375	3.215836525
36	27:24.1	WBT Tube 244670-15 ES70-7CD	70000	18.44923019	-2.995719433	-0.404085487
36	27:24.1	WBT Tube 244670-15 ES70-7CD	70000	20.03866577	-1.756372213	0.573306143
36	27:24.1	WBT Tube 244670-15 ES70-7CD	70000	22.49934769	-5.731848717	0.453822672
36	27:24.1	WBT Tube 244670-15 ES70-7CD	70000	23.72380257	-1.244574428	-0.99467659
37	27:24.4	WBT Tube 244668-15 ES120-7CD	120000	8.759558678	-0.624606967	0.25208959
37	27:24.4	WBT Tube 244668-15 ES120-7CD	120000	9.858428001	-1.915255547	0.950573504
37	27:24.4	WBT Tube 244668-15 ES120-7CD	120000	11.77360058	-5.12934494	1.156215668
37	27:24.4	WBT Tube 244668-15 ES120-7CD	120000	13.72016907	0.411950111	0.829377055
37	27:24.4	WBT Tube 244668-15 ES120-7CD	120000	14.80333996	5.277581215	0.504126966
37	27:24.4	WBT Tube 244668-15 ES120-7CD	120000	16.4908886	-5.106002808	0.004456809
37	27:24.4	WBT Tube 244668-15 ES120-7CD	120000	17.96651268	-2.32970953	2.148335934
37	27:24.4	WBT Tube 244668-15 ES120-7CD	120000	19.34009933	-2.474274397	1.263804317
37	27:24.4	WBT Tube 244668-15 ES120-7CD	120000	19.99942017	-2.58588028	-1.53626895
37	27:24.4	WBT Tube 244668-15 ES120-7CD	120000	22.52682114	-5.620444775	-2.029885769
37	27:24.4	WBT Tube 244667-15 ES200-7CD	200000	14.81903648	5.091199875	1.678319812
37	27:24.4	WBT Tube 244667-15 ES200-7CD	200000	19.97979927	-3.523423195	1.006480813
37	27:24.4	WBT Tube 244667-15 ES200-7CD	200000	23.71203041	-1.67314291	0.210795432
37	27:24.4	WBT Tube 244673-15 ES333-7CD	333000	9.834879875	-1.613946795	3.162800312
37	27:24.4	WBT Tube 244673-15 ES333-7CD	333000	16.45949173	-5.061429501	1.220860362
37	27:24.4	WBT Tube 253689-7 ES38-18DK-Split	38000	9.08921814	3.044404268	15.50088596
37	27:24.4	WBT Tube 253689-7 ES38-18DK-Split	38000	10.69042778	0.567831695	13.75602818
37	27:24.4	WBT Tube 253689-7 ES38-18DK-Split	38000	11.82069302	-11.92753696	6.267696857
37	27:24.4	WBT Tube 253689-7 ES38-18DK-Split	38000	14.83473396	3.175601244	3.058665037
37	27:24.4	WBT Tube 253689-7 ES38-18DK-Split	38000	18.55519295	-2.945692301	7.579418182
37	27:24.4	WBT Tube 253689-7 ES38-18DK-Split	38000	20.01511765	-4.387521267	1.589458823
37	27:24.4	WBT Tube 253689-7 ES38-18DK-Split	38000	22.79368782	-7.994957924	3.824387312
37	27:24.4	WBT Tube 253689-7 ES38-18DK-Split	38000	23.78267097	-4.963058949	0.602124095
37	27:24.4	WBT Tube 244670-15 ES70-7CD	70000	7.511556149	-0.205020219	0.442445904
37	27:24.4	WBT Tube 244670-15 ES70-7CD	70000	8.783104897	-0.900214016	3.235907793
37	27:24.4	WBT Tube 244670-15 ES70-7CD	70000	9.901597023	-2.82909894	4.235188484
37	27:24.4	WBT Tube 244670-15 ES70-7CD	70000	11.78537273	-6.220958233	4.063739777
37	27:24.4	WBT Tube 244670-15 ES70-7CD	70000	14.84650803	4.200069427	2.127425909
37	27:24.4	WBT Tube 244670-15 ES70-7CD	70000	16.28288841	4.744412422	0.441293627
37	27:24.4	WBT Tube 244670-15 ES70-7CD	70000	18.03715324	-1.627596617	3.528668642
37	27:24.4	WBT Tube 244670-15 ES70-7CD	70000	20.00334549	-3.010029793	0.470561594
37	27:24.4	WBT Tube 244670-15 ES70-7CD	70000	23.73557663	-2.765230417	-1.622137547
38	27:24.7	WBT Tube 244668-15 ES120-7CD	120000	13.6887722	-1.56318748	0.895077348
38	27:24.7	WBT Tube 244668-15 ES120-7CD	120000	14.72484875	2.727305889	0.314394265
38	27:24.7	WBT Tube 244668-15 ES120-7CD	120000	18.468853	-0.039443199	3.827820063
38	27:24.7	WBT Tube 244668-15 ES120-7CD	120000	19.98372269	-3.493196487	-1.556486845
38	27:24.7	WBT Tube 244667-15 ES200-7CD	200000	5.608158112	-0.254458487	1.458919406
38	27:24.7	WBT Tube 244667-15 ES200-7CD	200000	14.72877312	3.879333258	2.467388391
38	27:24.7	WBT Tube 244667-15 ES200-7CD	200000	16.20832253	2.98372364	0.462838233
38	27:24.7	WBT Tube 244673-15 ES333-7CD	333000	5.604233742	0.623225451	0.601415098
38	27:24.7	WBT Tube 244673-15 ES333-7CD	333000	14.73662186	3.49232769	1.44818747
38	27:24.7	WBT Tube 253689-7 ES38-18DK-Split	38000	9.042123795	1.391358852	19.87406921
38	27:24.7	WBT Tube 253689-7 ES38-18DK-Split	38000	10.64333344	-1.561778426	14.85710144
38	27:24.7	WBT Tube 253689-7 ES38-18DK-Split	38000	11.86778831	-14.25839233	6.436606884
38	27:24.7	WBT Tube 253689-7 ES38-18DK-Split	38000	14.74054527	1.388925314	4.140980244
38	27:24.7	WBT Tube 253689-7 ES38-18DK-Split	38000	18.5080986	-4.463534832	8.477065086
38	27:24.7	WBT Tube 253689-7 ES38-18DK-Split	38000	20.01511765	-6.77166605	2.817448139
38	27:24.7	WBT Tube 253689-7 ES38-18DK-Split	38000	22.84078217	-8.483311653	11.01346874
38	27:24.7	WBT Tube 253689-7 ES38-18DK-Split	38000	23.73557663	-5.813312531	0.220057845
38	27:24.7	WBT Tube 244670-15 ES70-7CD	70000	5.2510252	1.522679925	-1.589078426
38	27:24.7	WBT Tube 244670-15 ES70-7CD	70000	12.50356197	-2.540615797	0.898415983
38	27:24.7	WBT Tube 244670-15 ES70-7CD	70000	14.75231934	3.891786337	2.477261066
38	27:24.7	WBT Tube 244670-15 ES70-7CD	70000	16.14160347	2.053227425	1.84044075
38	27:24.7	WBT Tube 244670-15 ES70-7CD	70000	18.07247543	-2.573266506	3.491516352
38	27:24.7	WBT Tube 244670-15 ES70-7CD	70000	18.5080986	-0.270645291	6.161410332
38	27:24.7	WBT Tube 244670-15 ES70-7CD	70000	19.99157143	-3.807920456	0.758796334
38	27:24.7	WBT Tube 244670-15 ES70-7CD	70000	23.73557663	-2.770661116	-1.057623148
39	27:25.0	WBT Tube 244668-15 ES120-7CD	120000	13.23352623	3.523333549	0.561460674
39	27:25.0	WBT Tube 244668-15 ES120-7CD	120000	14.64635754	3.555434942	0.512405694
39	27:25.0	WBT Tube 244668-15 ES120-7CD	120000	16.15337753	2.503907681	-1.712100983
39	27:25.0	WBT Tube 244668-15 ES120-7CD	120000	18.42960739	-0.883566916	4.22311306
39	27:25.0	WBT Tube 244668-15 ES120-7CD	120000	19.97587395	-3.818203688	-1.489893079
39	27:25.0	WBT Tube 244667-15 ES200-7CD	200000	14.65420723	2.763211012	2.541411638
39	27:25.0	WBT Tube 244667-15 ES200-7CD	200000	16.14552879	2.035670519	0.290156424
39	27:25.0	WBT Tube 244667-15 ES200-7CD	200000	19.94055367	-4.500150204	0.535938025
39	27:25.0	WBT Tube 244673-15 ES333-7CD	333000	5.572836876	-3.15327692	1.467528701
39	27:25.0	WBT Tube 244673-15 ES333-7CD	333000	14.65813065	2.821103811	1.728407621
39	27:25.0	WBT Tube 253689-7 ES38-18DK-Split	38000	7.864764214	16.07753372	5.399598598
39	27:25.0	WBT Tube 253689-7 ES38-18DK-Split	38000	8.995029449	-3.018794298	15.98213673
39	27:25.0	WBT Tube 253689-7 ES38-18DK-Split	38000	10.59623909	-3.538558722	13.84686184
39	27:25.0	WBT Tube 253689-7 ES38-18DK-Split	38000	11.91488266	-14.29759884	2.7405653
39	27:25.0	WBT Tube 253689-7 ES38-18DK-Split	38000	14.69345093	0.114095204	3.329179287
39	27:25.0	WBT Tube 253689-7 ES38-18DK-Split	38000	18.41390991	-7.515347004	7.580814362
39	27:25.0	WBT Tube 253689-7 ES38-18DK-Split	38000	20.01511765	-4.417147636	-2.896338463
39	27:25.0	WBT Tube 253689-7 ES38-18DK-Split	38000	22.4640274	8.089657784	3.720633268
39	27:25.0	WBT Tube 253689-7 ES38-18DK-Split	38000	23.78267097	-5.508244991	0.019164447
39	27:25.0	WBT Tube 244670-15 ES70-7CD	70000	14.68167877	3.053132534	2.942094088
39	27:25.0	WBT Tube 244670-15 ES70-7CD	70000	16.17692566	1.76550138	0.495107681
39	27:25.0	WBT Tube 244670-15 ES70-7CD	70000	18.47277641	-1.485478044	5.911788464
39	27:25.0	WBT Tube 244670-15 ES70-7CD	70000	19.97979736	-4.466968536	1.223779321
40	27:25.3	WBT Tube 244668-15 ES120-7CD	120000	14.58356571	1.304875851	0.159858733
40	27:25.3	WBT Tube 244668-15 ES120-7CD	120000	16.09843445	1.131800652	-2.112676382
40	27:25.3	WBT Tube 244668-15 ES120-7CD	120000	18.40606117	-1.60328126	3.829241753
40	27:25.3	WBT Tube 244668-15 ES120-7CD	120000	19.97587395	-4.055841446	-1.625349402
40	27:25.3	WBT Tube 244667-15 ES200-7CD	200000	5.082270622	4.407494068	-0.415363967
40	27:25.3	WBT Tube 244667-15 ES200-7CD	200000	7.67246294	-0.231874704	-0.614157498
40	27:25.3	WBT Tube 244667-15 ES200-7CD	200000	14.58749008	1.714015841	2.607592344
40	27:25.3	WBT Tube 244673-15 ES333-7CD	333000	14.58749008	1.67416656	1.604141831
40	27:25.3	WBT Tube 244673-15 ES333-7CD	333000	16.09058571	0.972251534	-0.788586378
40	27:25.3	WBT Tube 244673-15 ES333-7CD	333000	24.83052254	1.930561304	-2.603062391
40	27:25.3	WBT Tube 253689-7 ES38-18DK-Split	38000	7.817669868	10.11034679	5.192316055
40	27:25.3	WBT Tube 253689-7 ES38-18DK-Split	38000	8.947935104	-2.675656319	16.99135399
40	27:25.3	WBT Tube 253689-7 ES38-18DK-Split	38000	10.59623909	-5.170796394	12.92882538
40	27:25.3	WBT Tube 253689-7 ES38-18DK-Split	38000	12.0561657	-21.66112137	9.646967888
40	27:25.3	WBT Tube 253689-7 ES38-18DK-Split	38000	14.64635658	-1.330062151	3.453382015
40	27:25.3	WBT Tube 253689-7 ES38-18DK-Split	38000	18.41390991	-4.295698166	9.831043243
40	27:25.3	WBT Tube 253689-7 ES38-18DK-Split	38000	22.41693306	10.66824818	8.299542427
40	27:25.3	WBT Tube 253689-7 ES38-18DK-Split	38000	23.02915955	-1.966587782	2.583055019
40	27:25.3	WBT Tube 253689-7 ES38-18DK-Split	38000	23.82976532	-4.525721073	-0.279265821
40	27:25.3	WBT Tube 244670-15 ES70-7CD	70000	5.097968578	4.40835619	1.522279143
40	27:25.3	WBT Tube 244670-15 ES70-7CD	70000	6.710951328	-1.717112184	2.429239273
40	27:25.3	WBT Tube 244670-15 ES70-7CD	70000	10.66688061	6.904046059	-6.4567523
40	27:25.3	WBT Tube 244670-15 ES70-7CD	70000	14.62281036	1.25601244	2.303371906
40	27:25.3	WBT Tube 244670-15 ES70-7CD	70000	16.11805725	1.241088629	-0.037772749
40	27:25.3	WBT Tube 244670-15 ES70-7CD	70000	23.80621719	-3.716940403	-0.930914938
41	27:25.6	WBT Tube 244668-15 ES120-7CD	120000	13.06869602	0.290041924	1.096980214
41	27:25.6	WBT Tube 244668-15 ES120-7CD	120000	14.52862263	0.800778687	0.859708428
41	27:25.6	WBT Tube 244668-15 ES120-7CD	120000	16.06703949	0.119446442	-1.471677423
41	27:25.6	WBT Tube 244668-15 ES120-7CD	120000	18.37466431	-2.313883305	4.370933533
41	27:25.6	WBT Tube 244668-15 ES120-7CD	120000	19.97587395	-4.694278717	-1.606005192
41	27:25.6	WBT Tube 244668-15 ES120-7CD	120000	23.56289673	0.138853848	4.092926979
41	27:25.6	WBT Tube 244667-15 ES200-7CD	200000	5.023402691	1.065901279	0.23864913
41	27:25.6	WBT Tube 244667-15 ES200-7CD	200000	14.53254604	0.584629834	2.412612677
41	27:25.6	WBT Tube 244667-15 ES200-7CD	200000	16.05918884	-0.064070776	-0.04349469
41	27:25.6	WBT Tube 244673-15 ES333-7CD	333000	5.015553474	1.894298077	-0.200977817
41	27:25.6	WBT Tube 244673-15 ES333-7CD	333000	14.53254604	0.792467952	1.603834152
41	27:25.6	WBT Tube 244673-15 ES333-7CD	333000	15.11730194	0.59388119	-0.71167767
41	27:25.6	WBT Tube 244673-15 ES333-7CD	333000	24.76380539	1.87443459	-2.856390238
41	27:25.6	WBT Tube 253689-7 ES38-18DK-Split	38000	7.770575523	9.629198074	4.706536293
41	27:25.6	WBT Tube 253689-7 ES38-18DK-Split	38000	8.947935104	-7.073280811	15.73692036
41	27:25.6	WBT Tube 253689-7 ES38-18DK-Split	38000	14.59926224	-2.661223173	3.570958853
41	27:25.6	WBT Tube 253689-7 ES38-18DK-Split	38000	18.46100426	-6.691370964	8.609985352
41	27:25.6	WBT Tube 253689-7 ES38-18DK-Split	38000	19.92092896	-0.262554735	-1.141492963
41	27:25.6	WBT Tube 253689-7 ES38-18DK-Split	38000	23.82976532	-7.725645542	0.084640943
41	27:25.6	WBT Tube 244670-15 ES70-7CD	70000	5.039100647	0.185053945	1.434221983
41	27:25.6	WBT Tube 244670-15 ES70-7CD	70000	13.58673286	1.064874649	-2.427680254
41	27:25.6	WBT Tube 244670-15 ES70-7CD	70000	14.56394196	0.117458336	2.050699234
41	27:25.6	WBT Tube 244670-15 ES70-7CD	70000	16.07096291	0.120370165	0.191757962
41	27:25.6	WBT Tube 244670-15 ES70-7CD	70000	18.42568207	-3.53391242	6.166902542
41	27:25.6	WBT Tube 244670-15 ES70-7CD	70000	23.41768837	-0.618676245	5.082596779
41	27:25.6	WBT Tube 244670-15 ES70-7CD	70000	23.82976532	-4.528563976	-1.497008324
42	27:26.0	WBT Tube 244668-15 ES120-7CD	120000	13.28062057	3.512454033	5.285467625
42	27:26.0	WBT Tube 244668-15 ES120-7CD	120000	14.48152828	-0.093832023	0.287625641
42	27:26.0	WBT Tube 244668-15 ES120-7CD	120000	16.02779388	-0.919090688	-2.442866325
42	27:26.0	WBT Tube 244668-15 ES120-7CD	120000	17.80953217	5.980561256	5.289543629
42	27:26.0	WBT Tube 244668-15 ES120-7CD	120000	18.35896683	-2.92847085	3.980875731
42	27:26.0	WBT Tube 244668-15 ES120-7CD	120000	19.98372269	-4.442390442	-1.766311288
42	27:26.0	WBT Tube 244668-15 ES120-7CD	120000	22.99776459	1.789232254	3.906434774
42	27:26.0	WBT Tube 244667-15 ES200-7CD	200000	4.992006302	-3.691902637	-0.150531128
42	27:26.0	WBT Tube 244667-15 ES200-7CD	200000	14.47760296	-0.282208204	2.443642378
42	27:26.0	WBT Tube 244667-15 ES200-7CD	200000	23.5001049	-0.606677532	4.600784302
42	27:26.0	WBT Tube 244673-15 ES333-7CD	333000	4.988081932	-2.339964867	-0.098061763
42	27:26.0	WBT Tube 244673-15 ES333-7CD	333000	13.47684669	-0.508133531	1.86961627
42	27:26.0	WBT Tube 244673-15 ES333-7CD	333000	14.48152733	-0.639622152	1.590139508
42	27:26.0	WBT Tube 244673-15 ES333-7CD	333000	16.00817108	-0.871949315	-0.865686893
42	27:26.0	WBT Tube 244673-15 ES333-7CD	333000	24.71278572	1.350402236	-2.724159956
42	27:26.0	WBT Tube 253689-7 ES38-18DK-Split	38000	8.006047249	8.057969093	4.921440125
42	27:26.0	WBT Tube 253689-7 ES38-18DK-Split	38000	14.55216789	-3.656073332	3.895090103
42	27:26.0	WBT Tube 253689-7 ES38-18DK-Split	38000	17.80168152	-1.784774303	8.609327316
42	27:26.0	WBT Tube 253689-7 ES38-18DK-Split	38000	19.77964592	6.551737785	-3.635460854
42	27:26.0	WBT Tube 253689-7 ES38-18DK-Split	38000	21.56923294	-0.996789634	11.77894497
42	27:26.0	WBT Tube 253689-7 ES38-18DK-Split	38000	22.74659348	14.62768269	-0.96007663
42	27:26.0	WBT Tube 253689-7 ES38-18DK-Split	38000	23.78267097	-8.386467934	-3.448695898
42	27:26.0	WBT Tube 244670-15 ES70-7CD	70000	8.029594421	2.431732178	1.400653481
42	27:26.0	WBT Tube 244670-15 ES70-7CD	70000	10.53737068	4.50165987	-6.259003639
42	27:26.0	WBT Tube 244670-15 ES70-7CD	70000	11.11427784	5.963338852	0.195515633
42	27:26.0	WBT Tube 244670-15 ES70-7CD	70000	13.56318569	0.312087715	-2.982074976
42	27:26.0	WBT Tube 244670-15 ES70-7CD	70000	14.51684761	-0.839228749	2.282016754
42	27:26.0	WBT Tube 244670-15 ES70-7CD	70000	16.03564262	-1.60106945	0.410034567
42	27:26.0	WBT Tube 244670-15 ES70-7CD	70000	18.40213585	-4.058558464	6.834551334
42	27:26.0	WBT Tube 244670-15 ES70-7CD	70000	18.62583351	1.445997596	1.480713487
42	27:26.0	WBT Tube 244670-15 ES70-7CD	70000	19.97979736	-5.905551434	0.957418621
42	27:26.0	WBT Tube 244670-15 ES70-7CD	70000	21.67519569	2.441044331	1.476320863
42	27:26.0	WBT Tube 244670-15 ES70-7CD	70000	23.84153748	-4.454668045	-2.202258587
43	27:26.3	WBT Tube 244668-15 ES120-7CD	120000	8.029595375	6.277161121	1.306172967
43	27:26.3	WBT Tube 244668-15 ES120-7CD	120000	9.77993679	1.687618375	2.613227129
43	27:26.3	WBT Tube 244668-15 ES120-7CD	120000	10.97299576	6.69411087	-2.083075762
43	27:26.3	WBT Tube 244668-15 ES120-7CD	120000	13.19428158	2.809066534	5.552871704
43	27:26.3	WBT Tube 244668-15 ES120-7CD	120000	14.43443394	-1.296379328	0.275773615
43	27:26.3	WBT Tube 244668-15 ES120-7CD	120000	16.00424576	-2.178778648	-1.75712049
43	27:26.3	WBT Tube 244668-15 ES120-7CD	120000	18.3354187	-3.593627453	4.110742569
43	27:26.3	WBT Tube 244668-15 ES120-7CD	120000	19.97587395	-5.259561062	-1.912790418
43	27:26.3	WBT Tube 244667-15 ES200-7CD	200000	14.43050861	-1.131236196	2.699130297
43	27:26.3	WBT Tube 244667-15 ES200-7CD	200000	24.08485985	2.092576742	-0.640263259
43	27:26.3	WBT Tube 244673-15 ES333-7CD	333000	9.79563427	1.551684499	3.172677755
43	27:26.3	WBT Tube 244673-15 ES333-7CD	333000	13.47684669	-1.22711885	0.779979706
43	27:26.3	WBT Tube 244673-15 ES333-7CD	333000	14.42658424	-1.363621712	1.608441353
43	27:26.3	WBT Tube 244673-15 ES333-7CD	333000	14.98386765	-2.153372288	-1.174736261
43	27:26.3	WBT Tube 244673-15 ES333-7CD	333000	15.96500015	-2.144958735	-0.924202561
43	27:26.3	WBT Tube 244673-15 ES333-7CD	333000	24.63037109	0.834381342	-2.851715565
43	27:26.3	WBT Tube 253689-7 ES38-18DK-Split	38000	8.006047249	4.399582863	5.202597141
43	27:26.3	WBT Tube 253689-7 ES38-18DK-Split	38000	14.50507355	-4.796399593	3.618894577
43	27:26.3	WBT Tube 253689-7 ES38-18DK-Split	38000	19.68545723	5.510066986	-7.854781628
43	27:26.3	WBT Tube 253689-7 ES38-18DK-Split	38000	22.51112175	9.706280708	1.671119928
43	27:26.3	WBT Tube 253689-7 ES38-18DK-Split	38000	23.82976532	-4.658071518	-1.130151391
43	27:26.3	WBT Tube 244670-15 ES70-7CD	70000	8.076688766	6.070132732	3.442244291
43	27:26.3	WBT Tube 244670-15 ES70-7CD	70000	9.430652618	3.364895344	1.163980484
43	27:26.3	WBT Tube 244670-15 ES70-7CD	70000	10.45495605	2.367757797	-7.035948753
43	27:26.3	WBT Tube 244670-15 ES70-7CD	70000	11.0200882	6.350234032	0.101974055
43	27:26.3	WBT Tube 244670-15 ES70-7CD	70000	13.55141258	-1.323411226	-1.448963881
43	27:26.3	WBT Tube 244670-15 ES70-7CD	70000	14.46975327	-2.035449743	2.440749645
43	27:26.3	WBT Tube 244670-15 ES70-7CD	70000	16.00032043	-2.143995047	0.702039659
43	27:26.3	WBT Tube 244670-15 ES70-7CD	70000	17.7781353	4.176292419	5.418814659
43	27:26.3	WBT Tube 244670-15 ES70-7CD	70000	18.57873917	0.386071593	1.938795805
43	27:26.3	WBT Tube 244670-15 ES70-7CD	70000	19.69723129	6.071074486	-4.947939396
43	27:26.3	WBT Tube 244670-15 ES70-7CD	70000	21.310215	-2.008607388	-2.376207829
43	27:26.3	WBT Tube 244670-15 ES70-7CD	70000	23.84153748	-4.588578701	-1.785891056
44	27:26.6	WBT Tube 244668-15 ES120-7CD	120000	8.045293808	4.691473484	0.810449183
44	27:26.6	WBT Tube 244668-15 ES120-7CD	120000	9.748540878	-0.624162138	2.680005789
44	27:26.6	WBT Tube 244668-15 ES120-7CD	120000	10.88665581	5.800414085	-2.147263288
44	27:26.6	WBT Tube 244668-15 ES120-7CD	120000	13.12363911	1.43351984	5.669294357
44	27:26.6	WBT Tube 244668-15 ES120-7CD	120000	14.77194309	5.003095627	4.160696983
44	27:26.6	WBT Tube 244668-15 ES120-7CD	120000	18.31972122	-3.87838912	3.565644026
44	27:26.6	WBT Tube 244668-15 ES120-7CD	120000	22.87217903	0.680354416	4.332870007
44	27:26.6	WBT Tube 244667-15 ES200-7CD	200000	8.057065964	5.051312447	3.441986322
44	27:26.6	WBT Tube 244667-15 ES200-7CD	200000	14.3794899	-2.504701614	2.348837614
44	27:26.6	WBT Tube 244673-15 ES333-7CD	333000	8.08061409	5.018821239	2.430663347
44	27:26.6	WBT Tube 244673-15 ES333-7CD	333000	9.748539925	-0.023652071	3.569749355
44	27:26.6	WBT Tube 244673-15 ES333-7CD	333000	14.38341427	-2.82177949	1.732893705
44	27:26.6	WBT Tube 244673-15 ES333-7CD	333000	24.54795456	0.352576286	-2.873893738
44	27:26.6	WBT Tube 253689-7 ES38-18DK-Split	38000	8.053141594	1.983282566	4.298402786
44	27:26.6	WBT Tube 253689-7 ES38-18DK-Split	38000	12.33873177	10.38339138	-14.61056614
44	27:26.6	WBT Tube 253689-7 ES38-18DK-Split	38000	14.45798016	-6.021621227	3.916908026
44	27:26.6	WBT Tube 253689-7 ES38-18DK-Split	38000	17.66039848	-0.936061144	9.202153206
44	27:26.6	WBT Tube 253689-7 ES38-18DK-Split	38000	21.42794991	2.332621574	5.6732831
44	27:26.6	WBT Tube 253689-7 ES38-18DK-Split	38000	23.78267097	-9.191283226	-2.831147194
44	27:26.6	WBT Tube 244670-15 ES70-7CD	70000	6.840461254	1.762627244	0.956777334
44	27:26.6	WBT Tube 244670-15 ES70-7CD	70000	8.08846283	5.06955862	3.874343872
44	27:26.6	WBT Tube 244670-15 ES70-7CD	70000	9.78386116	-0.372181624	3.493523121
44	27:26.6	WBT Tube 244670-15 ES70-7CD	70000	10.92589951	5.290714741	0.394945085
44	27:26.6	WBT Tube 244670-15 ES70-7CD	70000	12.31518459	3.933394432	-0.182083204
44	27:26.6	WBT Tube 244670-15 ES70-7CD	70000	14.42265892	-3.159392118	2.499043465
44	27:26.6	WBT Tube 244670-15 ES70-7CD	70000	15.97677422	-3.460196972	0.005594254
44	27:26.6	WBT Tube 244670-15 ES70-7CD	70000	17.68394661	3.96912384	7.01571703
44	27:26.6	WBT Tube 244670-15 ES70-7CD	70000	23.82976532	-5.139766693	-1.594375253
45	27:26.9	WBT Tube 244668-15 ES120-7CD	120000	6.632461071	3.603128672	1.073502302
45	27:26.9	WBT Tube 244668-15 ES120-7CD	120000	8.037444115	3.440763474	1.019775748
45	27:26.9	WBT Tube 244668-15 ES120-7CD	120000	10.80031586	4.638916016	-2.009252787
45	27:26.9	WBT Tube 244668-15 ES120-7CD	120000	13.06869602	-0.317436039	5.509780884
45	27:26.9	WBT Tube 244668-15 ES120-7CD	120000	17.53481483	3.622612238	4.426471233
45	27:26.9	WBT Tube 244668-15 ES120-7CD	120000	22.80938721	-0.557329416	4.215981007
45	27:26.9	WBT Tube 244667-15 ES200-7CD	200000	7.539028645	3.379466295	3.344824791
45	27:26.9	WBT Tube 244667-15 ES200-7CD	200000	8.045292854	3.308295488	3.011589766
45	27:26.9	WBT Tube 244667-15 ES200-7CD	200000	10.8003149	4.7295928	-0.087911725
45	27:26.9	WBT Tube 244667-15 ES200-7CD	200000	14.33631992	-3.876036882	2.636680603
45	27:26.9	WBT Tube 244667-15 ES200-7CD	200000	24.26146507	-0.311261058	-1.823503733
45	27:26.9	WBT Tube 244673-15 ES333-7CD	333000	7.060235023	2.789152384	1.807589054
45	27:26.9	WBT Tube 244673-15 ES333-7CD	333000	8.057066917	3.411929369	2.415441036
45	27:26.9	WBT Tube 244673-15 ES333-7CD	333000	9.713219643	-2.06235981	3.12527132
45	27:26.9	WBT Tube 244673-15 ES333-7CD	333000	24.48516273	-0.31350556	-2.839400768
45	27:26.9	WBT Tube 253689-7 ES38-18DK-Split	38000	8.100235939	-0.838866651	4.899513721
45	27:26.9	WBT Tube 253689-7 ES38-18DK-Split	38000	10.83171082	3.784762144	0.444236964
45	27:26.9	WBT Tube 253689-7 ES38-18DK-Split	38000	13.0451479	1.506375909	15.63226986
45	27:26.9	WBT Tube 253689-7 ES38-18DK-Split	38000	14.41088486	-7.518088341	4.259739876
45	27:26.9	WBT Tube 253689-7 ES38-18DK-Split	38000	18.41390991	3.536518812	13.78264999
45	27:26.9	WBT Tube 253689-7 ES38-18DK-Split	38000	19.4499855	5.04440546	-4.672959328
45	27:26.9	WBT Tube 253689-7 ES38-18DK-Split	38000	23.78267097	-9.533390999	1.0839504
45	27:26.9	WBT Tube 244670-15 ES70-7CD	70000	5.321667194	1.59860003	1.877937317
45	27:26.9	WBT Tube 244670-15 ES70-7CD	70000	8.08846283	2.868528843	3.843673229
45	27:26.9	WBT Tube 244670-15 ES70-7CD	70000	10.81993771	4.978773594	0.611038446
45	27:26.9	WBT Tube 244670-15 ES70-7CD	70000	12.18567467	1.996020555	0.084809065
45	27:26.9	WBT Tube 244670-15 ES70-7CD	70000	14.37556458	-4.049362659	2.791888237
45	27:26.9	WBT Tube 244670-15 ES70-7CD	70000	19.4499855	5.191589355	-4.66053772
45	27:26.9	WBT Tube 244670-15 ES70-7CD	70000	21.53391266	1.019323707	0.845192969
45	27:26.9	WBT Tube 244670-15 ES70-7CD	70000	23.81799126	-5.406415939	-1.5710392
46	27:27.2	WBT Tube 244668-15 ES120-7CD	120000	6.773744106	1.207240343	0.439306706
46	27:27.2	WBT Tube 244668-15 ES120-7CD	120000	8.194425583	1.044895172	0.478866726
46	27:27.2	WBT Tube 244668-15 ES120-7CD	120000	10.7218256	3.344290257	-2.455418825
46	27:27.2	WBT Tube 244668-15 ES120-7CD	120000	12.16605377	2.085729122	-1.146100879
46	27:27.2	WBT Tube 244668-15 ES120-7CD	120000	13.01375294	-0.724510968	5.504011154
46	27:27.2	WBT Tube 244668-15 ES120-7CD	120000	14.31669807	-4.607736111	0.42669481
46	27:27.2	WBT Tube 244668-15 ES120-7CD	120000	14.57571697	2.343771935	4.013400078
46	27:27.2	WBT Tube 244668-15 ES120-7CD	120000	17.44062424	2.854347467	4.620208263
46	27:27.2	WBT Tube 244668-15 ES120-7CD	120000	21.27096939	0.200081006	4.973967552
46	27:27.2	WBT Tube 244667-15 ES200-7CD	200000	7.688160419	1.420063734	2.915198088
46	27:27.2	WBT Tube 244667-15 ES200-7CD	200000	8.202274323	1.321121335	2.644520521
46	27:27.2	WBT Tube 244667-15 ES200-7CD	200000	10.72574902	2.774636745	0.224413261
46	27:27.2	WBT Tube 244667-15 ES200-7CD	200000	24.1908226	-0.656843364	-1.615170121
46	27:27.2	WBT Tube 244673-15 ES333-7CD	333000	7.385971069	1.701811552	2.289626122
46	27:27.2	WBT Tube 244673-15 ES333-7CD	333000	8.210123062	1.600479722	2.115816355
46	27:27.2	WBT Tube 244673-15 ES333-7CD	333000	9.222652435	1.594054222	1.947003603
46	27:27.2	WBT Tube 244673-15 ES333-7CD	333000	10.72967339	2.512549639	-0.551807761
46	27:27.2	WBT Tube 244673-15 ES333-7CD	333000	20.28983688	1.732241035	0.410635352
46	27:27.2	WBT Tube 253689-7 ES38-18DK-Split	38000	8.194424629	-3.020021915	4.55384779
46	27:27.2	WBT Tube 253689-7 ES38-18DK-Split	38000	12.10326004	3.80295372	-11.42120266
46	27:27.2	WBT Tube 253689-7 ES38-18DK-Split	38000	14.41088486	-8.734045982	5.278357983
46	27:27.2	WBT Tube 253689-7 ES38-18DK-Split	38000	17.42492676	-3.321237564	10.11399937
46	27:27.2	WBT Tube 253689-7 ES38-18DK-Split	38000	19.30870247	2.215825558	-5.03529644
46	27:27.2	WBT Tube 253689-7 ES38-18DK-Split	38000	22.08727264	8.436952591	-0.205101773
46	27:27.2	WBT Tube 253689-7 ES38-18DK-Split	38000	23.92395401	-7.464560032	-0.398970872
46	27:27.2	WBT Tube 244670-15 ES70-7CD	70000	8.229745865	0.434974581	2.790394545
46	27:27.2	WBT Tube 244670-15 ES70-7CD	70000	10.74929619	2.503750801	0.554049194
46	27:27.2	WBT Tube 244670-15 ES70-7CD	70000	14.34024334	-5.19299078	3.097427607
46	27:27.2	WBT Tube 244670-15 ES70-7CD	70000	15.03488541	-2.808848143	-2.336253405
46	27:27.2	WBT Tube 244670-15 ES70-7CD	70000	19.3322506	5.191287518	-4.6656003
46	27:27.2	WBT Tube 244670-15 ES70-7CD	70000	20.59202576	0.657527566	-3.927080154
46	27:27.2	WBT Tube 244670-15 ES70-7CD	70000	20.87459183	2.323950052	1.936173081
46	27:27.2	WBT Tube 244670-15 ES70-7CD	70000	21.48681831	-0.903019547	1.375852227
46	27:27.2	WBT Tube 244670-15 ES70-7CD	70000	22.18146133	5.908752441	-1.04983902
46	27:27.2	WBT Tube 244670-15 ES70-7CD	70000	23.92395401	-5.856205463	-1.877751946
47	27:27.5	WBT Tube 244668-15 ES120-7CD	120000	6.844385624	-1.604734302	0.088806517
47	27:27.5	WBT Tube 244668-15 ES120-7CD	120000	8.272916794	-1.536721706	0.114427738
47	27:27.5	WBT Tube 244668-15 ES120-7CD	120000	10.77676868	0.703326941	-2.152889967
47	27:27.5	WBT Tube 244668-15 ES120-7CD	120000	12.22099686	0.547871351	-1.2665205
47	27:27.5	WBT Tube 244668-15 ES120-7CD	120000	14.48937702	1.010198355	3.889498711
47	27:27.5	WBT Tube 244668-15 ES120-7CD	120000	16.92258644	0.993786037	3.715646267
47	27:27.5	WBT Tube 244668-15 ES120-7CD	120000	17.34643555	1.383400321	4.582994461
47	27:27.5	WBT Tube 244668-15 ES120-7CD	120000	20.18779755	1.874300957	-0.739190638
47	27:27.5	WBT Tube 244668-15 ES120-7CD	120000	23.75912285	-0.27046147	-2.520730495
47	27:27.5	WBT Tube 244667-15 ES200-7CD	200000	8.26899147	-1.082586288	2.391252041
47	27:27.5	WBT Tube 244667-15 ES200-7CD	200000	9.705369949	-1.320054412	1.994485259
47	27:27.5	WBT Tube 244667-15 ES200-7CD	200000	10.76891899	0.560161948	0.192655191
47	27:27.5	WBT Tube 244667-15 ES200-7CD	200000	23.75127411	-1.1211375	-1.077126741
47	27:27.5	WBT Tube 244673-15 ES333-7CD	333000	4.862496376	-1.099975467	-1.788680315
47	27:27.5	WBT Tube 244673-15 ES333-7CD	333000	7.413442612	-0.809007347	1.852733254
47	27:27.5	WBT Tube 244673-15 ES333-7CD	333000	8.27291584	-0.830606282	1.746846795
47	27:27.5	WBT Tube 244673-15 ES333-7CD	333000	9.367860794	-0.637323022	1.461580276
47	27:27.5	WBT Tube 244673-15 ES333-7CD	333000	9.838804245	0.692455292	-0.551187456
47	27:27.5	WBT Tube 244673-15 ES333-7CD	333000	10.75714493	0.695842862	-0.623473644
47	27:27.5	WBT Tube 244673-15 ES333-7CD	333000	11.84031677	0.584129691	-0.566961348
47	27:27.5	WBT Tube 244673-15 ES333-7CD	333000	20.18779945	1.012985349	0.248272076
47	27:27.5	WBT Tube 244673-15 ES333-7CD	333000	24.05346489	-1.379241228	-2.48192668
47	27:27.5	WBT Tube 253689-7 ES38-18DK-Split	38000	8.335707664	-5.467938423	3.763760328
47	27:27.5	WBT Tube 253689-7 ES38-18DK-Split	38000	10.031106	2.179477215	-10.50310707
47	27:27.5	WBT Tube 253689-7 ES38-18DK-Split	38000	10.78461647	-2.826674223	1.269479275
47	27:27.5	WBT Tube 253689-7 ES38-18DK-Split	38000	12.00907135	0.845115423	-16.13268089
47	27:27.5	WBT Tube 253689-7 ES38-18DK-Split	38000	14.31669617	-10.0471077	4.447177887
47	27:27.5	WBT Tube 253689-7 ES38-18DK-Split	38000	17.37783241	-5.204904556	8.473151207
47	27:27.5	WBT Tube 253689-7 ES38-18DK-Split	38000	18.17843628	4.91314888	13.91273785
47	27:27.5	WBT Tube 253689-7 ES38-18DK-Split	38000	19.21451378	1.25794673	-5.05550766
47	27:27.5	WBT Tube 253689-7 ES38-18DK-Split	38000	21.94598961	7.485691071	0.304233581
47	27:27.5	WBT Tube 253689-7 ES38-18DK-Split	38000	24.0181427	-9.842002869	-0.309411585
47	27:27.5	WBT Tube 244670-15 ES70-7CD	70000	8.300387383	-1.663988233	2.299390793
47	27:27.5	WBT Tube 244670-15 ES70-7CD	70000	10.79639053	0.33538574	0.39543584
47	27:27.5	WBT Tube 244670-15 ES70-7CD	70000	12.17390156	-0.717361152	0.42729041
47	27:27.5	WBT Tube 244670-15 ES70-7CD	70000	14.30492306	-5.851317883	3.044504642
47	27:27.5	WBT Tube 244670-15 ES70-7CD	70000	17.40137863	0.948296905	5.748916149
47	27:27.5	WBT Tube 244670-15 ES70-7CD	70000	18.88485336	1.318320155	-5.060783863
47	27:27.5	WBT Tube 244670-15 ES70-7CD	70000	19.20273972	4.165853977	-4.755866051
47	27:27.5	WBT Tube 244670-15 ES70-7CD	70000	20.20349693	1.203671336	0.815975845
47	27:27.5	WBT Tube 244670-15 ES70-7CD	70000	21.43972397	-1.317048669	1.275410175
47	27:27.5	WBT Tube 244670-15 ES70-7CD	70000	22.00485611	6.3204422	-1.621569633
47	27:27.5	WBT Tube 244670-15 ES70-7CD	70000	23.21753693	-1.3596735	6.586024284
47	27:27.5	WBT Tube 244670-15 ES70-7CD	70000	23.95927429	-6.084430695	-1.361428738
48	27:27.8	WBT Tube 244668-15 ES120-7CD	120000	6.954272747	-4.49014473	-0.019857762
48	27:27.8	WBT Tube 244668-15 ES120-7CD	120000	8.359255791	-4.628577232	0.115814559
48	27:27.8	WBT Tube 244668-15 ES120-7CD	120000	10.82386303	-1.82125783	-2.292546749
48	27:27.8	WBT Tube 244668-15 ES120-7CD	120000	12.26024246	-1.354302406	-1.484677196
48	27:27.8	WBT Tube 244668-15 ES120-7CD	120000	14.94462299	1.070126772	0.135423675
48	27:27.8	WBT Tube 244668-15 ES120-7CD	120000	17.2600975	0.154665187	4.259400368
48	27:27.8	WBT Tube 244668-15 ES120-7CD	120000	19.07323074	2.552482843	-4.834331989
48	27:27.8	WBT Tube 244668-15 ES120-7CD	120000	20.1014595	0.093611434	-0.827120423
48	27:27.8	WBT Tube 244668-15 ES120-7CD	120000	21.37300682	-3.2925632	-0.443334758
48	27:27.8	WBT Tube 244667-15 ES200-7CD	200000	8.355330467	-3.691043854	2.005674124
48	27:27.8	WBT Tube 244667-15 ES200-7CD	200000	10.79639053	-2.101968527	-0.034817025
48	27:27.8	WBT Tube 244667-15 ES200-7CD	200000	14.30492306	-0.423205405	1.286930799
48	27:27.8	WBT Tube 244667-15 ES200-7CD	200000	19.06930733	2.071203947	-3.606184721
48	27:27.8	WBT Tube 244667-15 ES200-7CD	200000	20.09753418	-0.315238297	1.498248816
48	27:27.8	WBT Tube 244667-15 ES200-7CD	200000	23.66101074	-1.884076834	-0.683747768
48	27:27.8	WBT Tube 244667-15 ES200-7CD	200000	24.97180557	-2.811817884	-1.678090334
48	27:27.8	WBT Tube 244673-15 ES333-7CD	333000	7.633216858	-3.733504295	1.525766492
48	27:27.8	WBT Tube 244673-15 ES333-7CD	333000	8.351406097	-3.184363365	1.599304318
48	27:27.8	WBT Tube 244673-15 ES333-7CD	333000	9.78778553	-2.294778585	-0.242263198
48	27:27.8	WBT Tube 244673-15 ES333-7CD	333000	10.79246616	-1.803878903	-0.638297975
48	27:27.8	WBT Tube 244673-15 ES333-7CD	333000	13.38658237	-0.175133616	0.654311121
48	27:27.8	WBT Tube 244673-15 ES333-7CD	333000	14.29314995	-0.493899256	0.536670029
48	27:27.8	WBT Tube 244673-15 ES333-7CD	333000	20.09753418	-0.182037905	0.144656733
48	27:27.8	WBT Tube 244673-15 ES333-7CD	333000	23.65708542	-1.527364373	-1.639195442
48	27:27.8	WBT Tube 244673-15 ES333-7CD	333000	24.23006821	-2.977884769	-2.865876198
48	27:27.8	WBT Tube 253689-7 ES38-18DK-Split	38000	8.38280201	-8.136921883	3.897236109
48	27:27.8	WBT Tube 253689-7 ES38-18DK-Split	38000	10.031106	-0.266162962	-11.5667038
48	27:27.8	WBT Tube 253689-7 ES38-18DK-Split	38000	10.83171082	-5.761942387	2.285931587
48	27:27.8	WBT Tube 253689-7 ES38-18DK-Split	38000	14.31669617	-13.74959373	8.902792931
48	27:27.8	WBT Tube 253689-7 ES38-18DK-Split	38000	17.28364372	-1.906709075	9.806681633
48	27:27.8	WBT Tube 253689-7 ES38-18DK-Split	38000	18.08424759	4.74409771	9.42517662
48	27:27.8	WBT Tube 253689-7 ES38-18DK-Split	38000	21.80470657	6.202974319	0.702477992
48	27:27.8	WBT Tube 253689-7 ES38-18DK-Split	38000	23.12334824	-2.005572081	7.260195732
48	27:27.8	WBT Tube 253689-7 ES38-18DK-Split	38000	24.11233139	-14.37930202	-0.081195049
48	27:27.8	WBT Tube 244670-15 ES70-7CD	70000	6.593215466	0.204543605	-1.619393349
48	27:27.8	WBT Tube 244670-15 ES70-7CD	70000	8.394576073	-3.716997623	2.348047972
48	27:27.8	WBT Tube 244670-15 ES70-7CD	70000	10.84348488	-2.319063187	0.363269091
48	27:27.8	WBT Tube 244670-15 ES70-7CD	70000	12.35050488	-2.430102825	0.023341555
48	27:27.8	WBT Tube 244670-15 ES70-7CD	70000	14.34024334	0.791962743	1.676928163
48	27:27.8	WBT Tube 244670-15 ES70-7CD	70000	17.318964	-1.025598407	6.13625145
48	27:27.8	WBT Tube 244670-15 ES70-7CD	70000	19.08500481	3.445539474	-4.007830143
48	27:27.8	WBT Tube 244670-15 ES70-7CD	70000	21.86357307	5.879473686	-1.10061121
48	27:27.8	WBT Tube 244670-15 ES70-7CD	70000	22.29919624	2.579995632	4.552344322
49	27:28.1	WBT Tube 244668-15 ES120-7CD	120000	5.871101856	3.855022907	1.378384352
49	27:28.1	WBT Tube 244668-15 ES120-7CD	120000	8.633973122	-5.49749136	-0.485955089
49	27:28.1	WBT Tube 244668-15 ES120-7CD	120000	9.065671921	0.04502771	-1.12022078
49	27:28.1	WBT Tube 244668-15 ES120-7CD	120000	10.8081646	-3.971314669	-1.935669541
49	27:28.1	WBT Tube 244668-15 ES120-7CD	120000	11.06718445	1.279971123	4.784845829
49	27:28.1	WBT Tube 244668-15 ES120-7CD	120000	14.32454681	-2.925553322	4.149729252
49	27:28.1	WBT Tube 244668-15 ES120-7CD	120000	17.18160629	-1.502679825	4.63569355
49	27:28.1	WBT Tube 244668-15 ES120-7CD	120000	18.97119331	1.074757814	-4.430135727
49	27:28.1	WBT Tube 244668-15 ES120-7CD	120000	20.01511955	-2.250509977	-0.822909653
49	27:28.1	WBT Tube 244668-15 ES120-7CD	120000	22.25995255	4.091108322	4.337721825
49	27:28.1	WBT Tube 244668-15 ES120-7CD	120000	24.41059685	1.108311772	-0.768312871
49	27:28.1	WBT Tube 244667-15 ES200-7CD	200000	8.618274689	-5.097875118	2.654729128
49	27:28.1	WBT Tube 244667-15 ES200-7CD	200000	9.061746597	-0.077866361	1.356323719
49	27:28.1	WBT Tube 244667-15 ES200-7CD	200000	10.77284336	-5.293537617	0.076728649
49	27:28.1	WBT Tube 244667-15 ES200-7CD	200000	14.20681	-2.222100735	1.468271971
49	27:28.1	WBT Tube 244667-15 ES200-7CD	200000	18.95549583	0.80728966	-4.132591248
49	27:28.1	WBT Tube 244667-15 ES200-7CD	200000	24.97572899	-4.019094467	-2.004711628
49	27:28.1	WBT Tube 244673-15 ES333-7CD	333000	8.602576256	-5.337780952	1.710933089
49	27:28.1	WBT Tube 244673-15 ES333-7CD	333000	10.76891899	-4.376241684	-0.01015994
49	27:28.1	WBT Tube 244673-15 ES333-7CD	333000	14.20288563	-2.606829882	0.446023941
49	27:28.1	WBT Tube 253689-7 ES38-18DK-Split	38000	8.665369034	-10.68021965	3.839661121
49	27:28.1	WBT Tube 253689-7 ES38-18DK-Split	38000	9.88982296	-3.227152586	-10.66992855
49	27:28.1	WBT Tube 253689-7 ES38-18DK-Split	38000	10.83171082	-9.764249802	0.818774164
49	27:28.1	WBT Tube 253689-7 ES38-18DK-Split	38000	11.77359867	-0.998642027	-12.66312695
49	27:28.1	WBT Tube 253689-7 ES38-18DK-Split	38000	14.31669617	-12.01345158	-0.494591802
49	27:28.1	WBT Tube 253689-7 ES38-18DK-Split	38000	17.14236069	-3.948155403	8.340337753
49	27:28.1	WBT Tube 253689-7 ES38-18DK-Split	38000	17.9900589	-0.220289677	10.93770313
49	27:28.1	WBT Tube 253689-7 ES38-18DK-Split	38000	18.97904205	-0.681502223	-3.606995106
49	27:28.1	WBT Tube 253689-7 ES38-18DK-Split	38000	21.71051598	3.677045822	1.146557212
49	27:28.1	WBT Tube 253689-7 ES38-18DK-Split	38000	22.27565002	1.829528093	6.773085117
49	27:28.1	WBT Tube 253689-7 ES38-18DK-Split	38000	24.20652008	-14.98665047	1.316418171
49	27:28.1	WBT Tube 244670-15 ES70-7CD	70000	5.922120571	3.332297564	4.118098259
49	27:28.1	WBT Tube 244670-15 ES70-7CD	70000	8.653594971	-5.399609566	2.357206821
49	27:28.1	WBT Tube 244670-15 ES70-7CD	70000	10.83171082	-4.588392735	0.340253592
49	27:28.1	WBT Tube 244670-15 ES70-7CD	70000	14.24605465	-3.072047472	1.781060815
49	27:28.1	WBT Tube 244670-15 ES70-7CD	70000	18.97904205	0.736446142	-4.260164261
49	27:28.1	WBT Tube 244670-15 ES70-7CD	70000	20.60379791	-1.856684566	0.553941727
49	27:28.1	WBT Tube 244670-15 ES70-7CD	70000	21.71051598	4.67544651	-1.163551331
49	27:28.1	WBT Tube 244670-15 ES70-7CD	70000	22.32274437	2.624042749	4.575032711
50	27:28.4	WBT Tube 244668-15 ES120-7CD	120000	14.27745247	-4.521243095	3.907046318
50	27:28.4	WBT Tube 244667-15 ES200-7CD	200000	5.76513958	-0.457806647	4.035124779
50	27:28.4	WBT Tube 244667-15 ES200-7CD	200000	21.54568672	4.118931293	-0.684115291
50	27:28.4	WBT Tube 244673-15 ES333-7CD	333000	5.772988319	0.326765925	3.486838818
50	27:28.4	WBT Tube 253689-7 ES38-18DK-Split	38000	8.853746414	-11.9838953	1.751392126
50	27:28.4	WBT Tube 253689-7 ES38-18DK-Split	38000	9.79563427	-7.73393774	-10.32474899
50	27:28.4	WBT Tube 253689-7 ES38-18DK-Split	38000	10.87880516	-12.12854958	1.579267502
50	27:28.4	WBT Tube 253689-7 ES38-18DK-Split	38000	11.67940998	-8.443608284	-10.53881264
50	27:28.4	WBT Tube 253689-7 ES38-18DK-Split	38000	14.41088486	-0.576670825	11.46121025
50	27:28.4	WBT Tube 253689-7 ES38-18DK-Split	38000	16.0120945	-5.320294857	16.05594444
50	27:28.4	WBT Tube 253689-7 ES38-18DK-Split	38000	17.84877586	-1.90582335	12.05075836
50	27:28.4	WBT Tube 253689-7 ES38-18DK-Split	38000	18.88485336	-5.625681877	-8.308843613
50	27:28.4	WBT Tube 253689-7 ES38-18DK-Split	38000	21.56923294	2.738722324	-0.433483005
50	27:28.4	WBT Tube 253689-7 ES38-18DK-Split	38000	22.27565002	-0.137748688	7.18899107
50	27:28.4	WBT Tube 253689-7 ES38-18DK-Split	38000	24.25361443	-13.5368309	-3.228409529
50	27:28.4	WBT Tube 244670-15 ES70-7CD	70000	5.816158295	-1.33257544	4.710430622
50	27:28.4	WBT Tube 244670-15 ES70-7CD	70000	9.030350685	-2.508146048	2.104432821
50	27:28.4	WBT Tube 244670-15 ES70-7CD	70000	12.53888321	-1.326601505	-0.602602124
50	27:28.4	WBT Tube 244670-15 ES70-7CD	70000	18.8730793	-2.045507908	-4.296977043
50	27:28.4	WBT Tube 244670-15 ES70-7CD	70000	21.56923294	2.673680067	-1.112647533
50	27:28.4	WBT Tube 244670-15 ES70-7CD	70000	22.31097031	0.95967406	4.696876526
51	27:28.7	WBT Tube 244668-15 ES120-7CD	120000	17.71534157	0.005117572	5.271090508
51	27:28.7	WBT Tube 244668-15 ES120-7CD	120000	18.62583351	5.567707539	-3.013905764
51	27:28.7	WBT Tube 244668-15 ES120-7CD	120000	22.2128582	-0.116345093	4.009978294
51	27:28.7	WBT Tube 244667-15 ES200-7CD	200000	21.40832901	1.843586206	-0.48682037
51	27:28.7	WBT Tube 244673-15 ES333-7CD	333000	21.39655495	1.542905807	-1.425439358
51	27:28.7	WBT Tube 253689-7 ES38-18DK-Split	38000	9.70144558	-10.61255646	-14.60635757
51	27:28.7	WBT Tube 253689-7 ES38-18DK-Split	38000	14.31669617	3.577180624	10.39956093
51	27:28.7	WBT Tube 253689-7 ES38-18DK-Split	38000	15.68243408	10.24661541	-9.206423759
51	27:28.7	WBT Tube 253689-7 ES38-18DK-Split	38000	17.75458717	-4.827679634	12.7693758
51	27:28.7	WBT Tube 253689-7 ES38-18DK-Split	38000	18.64938164	6.033429146	-1.449626803
51	27:28.7	WBT Tube 253689-7 ES38-18DK-Split	38000	21.42794991	-0.677782178	0.58232528
51	27:28.7	WBT Tube 253689-7 ES38-18DK-Split	38000	22.22855568	-3.121846199	8.212791443
51	27:28.7	WBT Tube 244670-15 ES70-7CD	70000	5.309893608	1.803628206	0.748284638
51	27:28.7	WBT Tube 244670-15 ES70-7CD	70000	7.15834856	-1.467128158	-2.383496284
51	27:28.7	WBT Tube 244670-15 ES70-7CD	70000	8.535859108	0.044705749	0.229686707
51	27:28.7	WBT Tube 244670-15 ES70-7CD	70000	16.98930359	-0.507025182	0.238786325
51	27:28.7	WBT Tube 244670-15 ES70-7CD	70000	18.79066467	-3.71994853	-4.287381649
51	27:28.7	WBT Tube 244670-15 ES70-7CD	70000	21.41617775	1.366629601	-0.746266186
51	27:28.7	WBT Tube 244670-15 ES70-7CD	70000	22.26387596	-1.227031827	4.929556847
51	27:28.7	WBT Tube 244670-15 ES70-7CD	70000	22.85255623	-0.128757894	-0.099552527
52	27:29.1	WBT Tube 244668-15 ES120-7CD	120000	18.48455048	3.985993385	-2.648772478
52	27:29.1	WBT Tube 244668-15 ES120-7CD	120000	21.29451752	-0.071583107	-2.167518616
52	27:29.1	WBT Tube 244667-15 ES200-7CD	200000	18.47670174	3.675160646	-1.019150257
52	27:29.1	WBT Tube 244667-15 ES200-7CD	200000	21.28666878	-0.487626523	-0.260728896
52	27:29.1	WBT Tube 244673-15 ES333-7CD	333000	12.62914753	3.662869215	2.030454874
52	27:29.1	WBT Tube 244673-15 ES333-7CD	333000	21.27096939	-0.42154929	-1.22802043
52	27:29.1	WBT Tube 244673-15 ES333-7CD	333000	21.54568672	2.100589275	-2.701595783
52	27:29.1	WBT Tube 253689-7 ES38-18DK-Split	38000	9.748539925	-15.75926876	-12.21609688
52	27:29.1	WBT Tube 253689-7 ES38-18DK-Split	38000	12.76258183	15.78090191	2.734883785
52	27:29.1	WBT Tube 253689-7 ES38-18DK-Split	38000	14.17541313	1.424191594	10.29965305
52	27:29.1	WBT Tube 253689-7 ES38-18DK-Split	38000	15.54115105	7.160812855	-8.530910492
52	27:29.1	WBT Tube 253689-7 ES38-18DK-Split	38000	16.76560593	4.917087555	-5.50667572
52	27:29.1	WBT Tube 253689-7 ES38-18DK-Split	38000	20.20349693	8.43434906	16.31290054
52	27:29.1	WBT Tube 253689-7 ES38-18DK-Split	38000	21.33376122	-2.672071695	0.757764995
52	27:29.1	WBT Tube 253689-7 ES38-18DK-Split	38000	22.27565002	-3.346138954	4.551393509
52	27:29.1	WBT Tube 244670-15 ES70-7CD	70000	4.744760513	2.332970381	-3.662493944
52	27:29.1	WBT Tube 244670-15 ES70-7CD	70000	14.23428154	3.008324862	6.341612339
52	27:29.1	WBT Tube 244670-15 ES70-7CD	70000	18.48455048	3.704993725	-0.939835668
52	27:29.1	WBT Tube 244670-15 ES70-7CD	70000	21.29844093	-0.521975517	-0.455817848
52	27:29.1	WBT Tube 244670-15 ES70-7CD	70000	22.32274437	-3.17968297	4.700316429
52	27:29.1	WBT Tube 244670-15 ES70-7CD	70000	22.69949913	-1.848627448	-2.318455458
53	27:29.4	WBT Tube 244668-15 ES120-7CD	120000	12.48001575	1.576643944	1.645321369
53	27:29.4	WBT Tube 244668-15 ES120-7CD	120000	14.06552792	1.224532366	5.252725124
53	27:29.4	WBT Tube 244668-15 ES120-7CD	120000	18.35896683	1.536574006	-2.773870945
53	27:29.4	WBT Tube 244668-15 ES120-7CD	120000	19.53632545	4.952651501	1.465638518
53	27:29.4	WBT Tube 244667-15 ES200-7CD	200000	12.48786449	1.51333189	3.459562778
53	27:29.4	WBT Tube 244667-15 ES200-7CD	200000	18.34719276	0.824471831	-0.538985133
53	27:29.4	WBT Tube 244667-15 ES200-7CD	200000	21.18462944	-2.733930349	-0.024489643
53	27:29.4	WBT Tube 244667-15 ES200-7CD	200000	24.31640816	0.078279346	-1.080430627
53	27:29.4	WBT Tube 244673-15 ES333-7CD	333000	12.48001575	0.943053484	2.316431999
53	27:29.4	WBT Tube 253689-7 ES38-18DK-Split	38000	15.39986801	3.744675398	-8.924543381
53	27:29.4	WBT Tube 253689-7 ES38-18DK-Split	38000	18.41390991	0.697823048	-2.567872047
53	27:29.4	WBT Tube 253689-7 ES38-18DK-Split	38000	19.4499855	3.195091486	14.91186237
53	27:29.4	WBT Tube 253689-7 ES38-18DK-Split	38000	21.23957253	-5.266836166	1.362007022
53	27:29.4	WBT Tube 253689-7 ES38-18DK-Split	38000	22.32274437	-8.346155167	7.927841187
53	27:29.4	WBT Tube 244670-15 ES70-7CD	70000	4.674118996	-3.659825325	-3.996110201
53	27:29.4	WBT Tube 244670-15 ES70-7CD	70000	14.12831879	-0.573601067	6.379248142
53	27:29.4	WBT Tube 244670-15 ES70-7CD	70000	15.54115105	2.971617222	-3.201122284
53	27:29.4	WBT Tube 244670-15 ES70-7CD	70000	16.95398331	5.712394714	1.144226551
53	27:29.4	WBT Tube 244670-15 ES70-7CD	70000	18.36681366	1.347546101	-0.704261303
53	27:29.4	WBT Tube 244670-15 ES70-7CD	70000	21.20425224	-2.799100637	-0.189322829
53	27:29.4	WBT Tube 244670-15 ES70-7CD	70000	22.33451843	-5.397248268	5.388067722
53	27:29.4	WBT Tube 244670-15 ES70-7CD	70000	24.33602905	0.206795573	-1.725212336
54	27:29.7	WBT Tube 244668-15 ES120-7CD	120000	12.38582706	-2.510370731	1.781304717
54	27:29.7	WBT Tube 244668-15 ES120-7CD	120000	13.97918797	-2.267388821	5.732705593
54	27:29.7	WBT Tube 244668-15 ES120-7CD	120000	18.26477623	-0.658114433	-2.087453842
54	27:29.7	WBT Tube 244668-15 ES120-7CD	120000	19.40289116	3.402962923	1.029309511
54	27:29.7	WBT Tube 244667-15 ES200-7CD	200000	12.38582611	-1.941620827	3.807476521
54	27:29.7	WBT Tube 244667-15 ES200-7CD	200000	16.96575737	3.256590366	0.520442486
54	27:29.7	WBT Tube 244667-15 ES200-7CD	200000	18.24515533	-1.603277564	-0.27810365
54	27:29.7	WBT Tube 244667-15 ES200-7CD	200000	19.39504242	2.861474037	2.632507563
54	27:29.7	WBT Tube 244673-15 ES333-7CD	333000	12.38190174	-1.905519128	2.447268486
54	27:29.7	WBT Tube 253689-7 ES38-18DK-Split	38000	12.90386486	3.846497297	-3.71893549
54	27:29.7	WBT Tube 253689-7 ES38-18DK-Split	38000	13.98703575	5.392836094	-1.492711902
54	27:29.7	WBT Tube 253689-7 ES38-18DK-Split	38000	15.25858498	1.392348886	-8.769381523
54	27:29.7	WBT Tube 253689-7 ES38-18DK-Split	38000	17.00107765	1.035531163	0.920266986
54	27:29.7	WBT Tube 253689-7 ES38-18DK-Split	38000	17.66039848	-6.212337971	-6.126544952
54	27:29.7	WBT Tube 253689-7 ES38-18DK-Split	38000	18.31972122	-5.523035526	7.381889343
54	27:29.7	WBT Tube 253689-7 ES38-18DK-Split	38000	21.19247818	-7.8298316	1.560602665
54	27:29.7	WBT Tube 253689-7 ES38-18DK-Split	38000	22.41693306	-9.456147194	3.276287556
54	27:29.7	WBT Tube 244670-15 ES70-7CD	70000	12.99805355	3.981451988	-1.299552202
54	27:29.7	WBT Tube 244670-15 ES70-7CD	70000	15.45873642	0.317480236	-3.391540289
54	27:29.7	WBT Tube 244670-15 ES70-7CD	70000	16.98930359	3.894833326	0.906546116
54	27:29.7	WBT Tube 244670-15 ES70-7CD	70000	18.26085281	-1.247128606	-0.539729774
54	27:29.7	WBT Tube 244670-15 ES70-7CD	70000	19.43821144	2.964162588	2.95522666
54	27:29.7	WBT Tube 244670-15 ES70-7CD	70000	21.14538383	-4.188578129	-0.03252513
54	27:29.7	WBT Tube 244670-15 ES70-7CD	70000	21.49859238	-3.046194553	-1.592968822
54	27:29.7	WBT Tube 244670-15 ES70-7CD	70000	24.24184036	-1.869323969	-1.668112159
55	27:30.0	WBT Tube 244668-15 ES120-7CD	120000	8.97933197	2.306535244	-1.38852036
55	27:30.0	WBT Tube 244668-15 ES120-7CD	120000	15.66673756	2.42200923	1.122406363
55	27:30.0	WBT Tube 244668-15 ES120-7CD	120000	16.96968079	1.767760754	-1.254695654
55	27:30.0	WBT Tube 244668-15 ES120-7CD	120000	18.20198441	-2.395002604	-2.230352402
55	27:30.0	WBT Tube 244668-15 ES120-7CD	120000	19.29300499	1.483662963	1.329896331
55	27:30.0	WBT Tube 244667-15 ES200-7CD	200000	13.88107395	6.192620754	-3.348259926
55	27:30.0	WBT Tube 244667-15 ES200-7CD	200000	15.38417053	-1.931245685	-3.097455025
55	27:30.0	WBT Tube 244667-15 ES200-7CD	200000	16.96183205	1.181687236	0.971239269
55	27:30.0	WBT Tube 244667-15 ES200-7CD	200000	19.28123093	0.814544559	3.083843708
55	27:30.0	WBT Tube 244673-15 ES333-7CD	333000	12.31518555	-4.344166279	2.806787729
55	27:30.0	WBT Tube 244673-15 ES333-7CD	333000	16.94613457	0.850605726	-0.237900004
55	27:30.0	WBT Tube 244673-15 ES333-7CD	333000	19.29693031	0.490352124	2.348127604
55	27:30.0	WBT Tube 253689-7 ES38-18DK-Split	38000	13.89284706	4.81815958	-2.359904528
55	27:30.0	WBT Tube 253689-7 ES38-18DK-Split	38000	15.16439629	-1.868618846	-8.331833839
55	27:30.0	WBT Tube 253689-7 ES38-18DK-Split	38000	16.95398331	-1.706213713	1.89217329
55	27:30.0	WBT Tube 253689-7 ES38-18DK-Split	38000	18.17843628	2.571038485	-9.017694473
55	27:30.0	WBT Tube 253689-7 ES38-18DK-Split	38000	21.14538383	-10.41080856	1.74743557
55	27:30.0	WBT Tube 253689-7 ES38-18DK-Split	38000	22.51112175	-14.28244781	7.39709568
55	27:30.0	WBT Tube 253689-7 ES38-18DK-Split	38000	23.02915955	5.929785252	-8.43756485
55	27:30.0	WBT Tube 244670-15 ES70-7CD	70000	9.006803513	1.441096663	0.8502599
55	27:30.0	WBT Tube 244670-15 ES70-7CD	70000	13.10401535	5.985413074	-1.161387086
55	27:30.0	WBT Tube 244670-15 ES70-7CD	70000	13.89284706	5.6792202	-2.324591875
55	27:30.0	WBT Tube 244670-15 ES70-7CD	70000	15.41164207	-1.805266619	-2.65194726
55	27:30.0	WBT Tube 244670-15 ES70-7CD	70000	16.97752953	1.037424326	0.547178626
55	27:30.0	WBT Tube 244670-15 ES70-7CD	70000	18.20198441	-3.668556929	-1.041484952
55	27:30.0	WBT Tube 244670-15 ES70-7CD	70000	19.32047653	1.503069997	3.721528053
55	27:30.0	WBT Tube 244670-15 ES70-7CD	70000	21.09828949	-5.890349865	0.031632803
55	27:30.0	WBT Tube 244670-15 ES70-7CD	70000	21.54568672	-5.379635334	-0.908961892
55	27:30.0	WBT Tube 244670-15 ES70-7CD	70000	24.1711998	-3.885711432	-1.016415954
55	27:30.0	WBT Tube 244670-15 ES70-7CD	70000	24.65391731	2.396938801	-0.237947732
56	27:30.3	WBT Tube 244668-15 ES120-7CD	120000	7.197594166	1.696039796	-1.717024684
56	27:30.3	WBT Tube 244668-15 ES120-7CD	120000	8.900841713	-1.402139783	-1.288555026
56	27:30.3	WBT Tube 244668-15 ES120-7CD	120000	13.20997906	3.947360039	-3.399149895
56	27:30.3	WBT Tube 244668-15 ES120-7CD	120000	13.75156498	4.555079937	-4.058048248
56	27:30.3	WBT Tube 244668-15 ES120-7CD	120000	15.60394382	0.579661369	1.008059621
56	27:30.3	WBT Tube 244668-15 ES120-7CD	120000	16.93043518	-0.508911312	-1.224654317
56	27:30.3	WBT Tube 244668-15 ES120-7CD	120000	19.20666504	-0.692932665	1.527660608
56	27:30.3	WBT Tube 244668-15 ES120-7CD	120000	24.47338867	2.795888424	3.410603285
56	27:30.3	WBT Tube 244667-15 ES200-7CD	200000	7.189745426	2.157255411	1.027942181
56	27:30.3	WBT Tube 244667-15 ES200-7CD	200000	9.60333252	3.090916872	-1.383192301
56	27:30.3	WBT Tube 244667-15 ES200-7CD	200000	13.19820499	3.941996336	-1.70929575
56	27:30.3	WBT Tube 244667-15 ES200-7CD	200000	13.74371529	4.231225967	-2.407188654
56	27:30.3	WBT Tube 244667-15 ES200-7CD	200000	16.90688896	-1.127928257	0.846227586
56	27:30.3	WBT Tube 244667-15 ES200-7CD	200000	19.19489098	-0.921426892	3.21544385
56	27:30.3	WBT Tube 244673-15 ES333-7CD	333000	9.611181259	2.904489279	-1.860008717
56	27:30.3	WBT Tube 244673-15 ES333-7CD	333000	13.74763966	4.192161083	-2.922304153
56	27:30.3	WBT Tube 244673-15 ES333-7CD	333000	16.90296364	-1.08254528	-0.022410993
56	27:30.3	WBT Tube 244673-15 ES333-7CD	333000	18.98689079	2.124279737	-1.802170992
56	27:30.3	WBT Tube 253689-7 ES38-18DK-Split	38000	8.429897308	12.00759411	-14.70429325
56	27:30.3	WBT Tube 253689-7 ES38-18DK-Split	38000	13.75156403	2.115258932	-0.150485322
56	27:30.3	WBT Tube 253689-7 ES38-18DK-Split	38000	15.0702076	-4.73035574	-8.98913765
56	27:30.3	WBT Tube 253689-7 ES38-18DK-Split	38000	16.95398331	-3.412839651	0.427759051
56	27:30.3	WBT Tube 253689-7 ES38-18DK-Split	38000	18.03715324	3.125301123	-11.05283451
56	27:30.3	WBT Tube 253689-7 ES38-18DK-Split	38000	21.14538383	-13.67548275	-1.329708338
56	27:30.3	WBT Tube 244670-15 ES70-7CD	70000	7.217216969	1.539561629	2.221251249
56	27:30.3	WBT Tube 244670-15 ES70-7CD	70000	8.912613869	-1.531162739	1.501393199
56	27:30.3	WBT Tube 244670-15 ES70-7CD	70000	9.619029999	2.984004974	-0.912293077
56	27:30.3	WBT Tube 244670-15 ES70-7CD	70000	13.22175121	3.959457874	-1.248368859
56	27:30.3	WBT Tube 244670-15 ES70-7CD	70000	15.03488541	-1.574967623	-6.951161861
56	27:30.3	WBT Tube 244670-15 ES70-7CD	70000	16.93043518	-1.058658004	0.81540966
56	27:30.3	WBT Tube 244670-15 ES70-7CD	70000	19.23806	-1.02513957	3.829285622
56	27:30.3	WBT Tube 244670-15 ES70-7CD	70000	19.54417419	4.277577877	-4.384990215
56	27:30.3	WBT Tube 244670-15 ES70-7CD	70000	24.55972862	1.278178334	-1.488998055
